"Customer Name","Reported By",Date,Carrier/Provider,"Customer ID","IOS or Android","CreditorX Device","Reported Issue",Module/Section,Status,"Tier 2 State","Tier 2 Comments","Dev Team Comments","Jira Ticket",Priority
"Darlene Prevojh",jlozano@cordobalegal.com,2026-08-14,"Simple Mobile",CORDOBA-1215990467,Android,"Samsung S21","It does not allow her to add the numbers for new creditors which are calling on the section of "" Blocked "" and  ""Add"" when she is putting in the info  it does not allow her to submit the phone numbers

The client wants to see if it possible to block the numbers:
•	First sun finance: 334 263 1081 and 334 676 3688
•	republic finance : 334 272 0327
•	security finance : 334 277 4670. *""Nothing happens when the click submit""*","Blocked List",,"Client not answering (3 days)","O:Under investigation. We continue searching.
O: Unable to reach the client VM full.
E:follow up
E:follow up,unable to reach our client.
E: STILL FOLLOW UP, Ring not answered as dialed.
O:Unable to reach after 3 attempts.",,,
"Scott McCabe",robertc@cordobalegal.com,2026-09-21,VERIZON,CORDOBA-1192874761,Android,"Samsung S25","When the customer tries to confirm User ID, LAST 4 SSN and DOB on the first time login screen is showing "" Wrong Credentials""",,,"Client not answering (3 days)","E: I was trying to reach our client but there was an answered machine as dialed 9/22/2026
E: I was trying to reach our client but there was an answered machine as dialed 9/22/2026",,,
"Samuel Federspiel",Juan.Vicente@cordobalegal.com,2026-09-21,At&t,CORDOBA-1248853998,IOS,"Iphone 15","Unable to reset the password",,,"Client not answering (3 days)","E: internal_failure_authentications_LOGIN_DATABASE 9/22/2026
O: unable to reach the client, VML.
E:  I was trying to reach our client but there was an answered machine as dialed 9/25/2026",,,
"Clifford Wright",Juan.Vicente@cordobalegal.com,2026-09-19,Spectrum,CORDOBA-1243575904,Android,"Samsung A37","Not able to signed in",,,"Resolved with cx","/E:  internal_failure_authentication_LOGIN_DATABASE 9/22/026
O: unable to reach the client, VML.9/23/26",,,
"Esperanza Velez",Jessi.Correa@cordobalegal.com,2026-09-22,1245111548,1245111548,Android,Samsung,"""Wrong credentials"" over and over again.",,,"Client not answering (3 days)","E: internal_failure_authentications_LOGIN_DATABASE   9/22/2026
O: Unable to reach the client, VML.9/23/26
E: I was trying to reach our client but there was a ring not answered as dialed. 9/25/2026",,,
"Wendy Watson",Mateo.Salazar@cordobalegal.com,2026-09-22,T-Mobile,CORDOBA-1229040843,Android,"Samsung 24","Cx changed her device and the app is not letting her access whit any of the known Username info.",,Completed,Dev,"E: internal_failure_authentications_LOGIN_DATABASE.
E: Client has told us she wont do this now. , someone was trying to assist her, nothing has resolved as she says,  I have lost connection with the client.
E: I was trying to reach our client but there was a ring not answered as dialed  9/25/2026

E:I was able to reach our client on behalf to the following issue “internal_failure_authentications_LOGIN_DATABASE.”.

-Creditor X Old version 1.10.0 has been uninstalled.
-Creditor X new released version 1.11.0 has been installed. (Play_store).
• Password recovery, Username ”wendywatson15@gmail.com ” Temporary password was being sent to: wendywatson15@gmail.com
• It says “Error ” on a red label down of username/password.
•  Routed to DEV.    10/2/2026

E: Force/close the app.   10/5/2026
Settings /Storage Clear data/cache.
Creditor X old version has been uninstalled.
Creditor X new version has been downloaded.
Creditor X new released version updated (1.11.0)
Forth database_is being setup, not problem found on our client data endpoint.
• Check your inbox! (Done) !
Try by performing a password reset for about 2 times. Its still the same error.
Routed to dev: Tested internally it has got the same error, when entering :942620fc
username: wendywatson15@gmail.com
Routed to Dev.",,,
"Johnathan Carroll",Esnaider.Garzon@cordobalegal.com,2026-09-22,"Metro by T-mobile",1245146637,Android,"Samsumg S20FE","When he tries to create his account it says that he already has an account, He was able to log in before, but he had troubles last time with the USSD command before. It is a little confusing because he does not remember credentials to log in neither.",,,"Client not answering (3 days)","O: Resolution:
-WiFi on instead of data.
-We deleted the cache: Apps> Creditor X > clear cache
- Creditor X reinstalled.

-We used the password recovery option and the client received the email. However, when he entered the credentials, he received an error message.

Escalated to tier 3!!

E: I was able to reach our client on behalf to the following issue “Login failure” .

-Creditor X app has been closed.
-Settings, Clear Cache/data
-Launch creditor X, Android: 1.10.0
• Lets wait at least 6 minutes to generated a new password
• Username: 13522822631 + temp password sent by email. Done!
• “Error” . User not found.
• Try with : usename: 13522822631 temp : 45ceceb8, error: “Error” turned on a red color at the front page template on the app.
• Try with 1th login, creating a new credentials. “ Already on this app before” .

Still working on it . Follow up.

Still  unpaired.  non token registered on database...

E:I was able to reach our client on behalf to an authentication failures occurred on the app according with his temporary password,.

-Creditor X last released version  1.11.0  has been updated
-Cleared cache/clear data / force the app to stop, then open it back.
-Password recovery
Try with : usename: 13522822631 temp : 461ccc18
ERROR   LABEL  TURNED ON A ""RED COLOR "".
-Screen shoot was being shared via email at : support@cordobalegal.com    Confirmation ID : 1661766    10/1/2026 ,  Still on follow up.   Not resolved, routed to DEV.

E: I was able to reach our client, but he has told us, he is currently busy right now, so that he wont be able to be stayed on the phone, he would like to be reached at 6:00pm today  10/5/2026

O: Unable to reach the client, VML. 10/05/26
-----------------------------------------------------------------
E: I was able to reach our client back but he has told us, he wont be able to talk with us, is not fully available for now, so that he would like to talk with us on Friday.  10/9/2026.
-----------10/6/2026-----------------------------------------

IF a client reach us back, please educated him, to download our creditor x Last released version · Android: 1.11.1 in order to fix any issues relate with the app.",,,
"Karen Sue Ferrell",Alejandra.Montana@cordobalegal.com,2026-09-22,"T mobile",1239662332,Android,Samsung,"Issues with creditor X",,,"Call Agent (Additional information)","O: Tickets has been returned due to non sufficient information. Agent may need to guide  our client  by running a basic trouble shoot guide for Creditor X.  9/22/26",,,
"Malcolm Combs",Sebastian.Castro@cordobalegal.com,2026-09-21,Visible,1244651810,IOS,"iphone 16e","error message: associated phone number is missing from external system data",,,"Resolved with cx","E:   Ticket has been returned. Agent may need to run basic trouble shoot guide to assist our client relate to the app.  9/22/2026

E:  internal_failure_autentications_LOGIN_DATABASE.  9/22/2026 ROUTED TO DEV.

E:I was able to reach our client our client on behalf to the error message: associated phone number is missing from external system data.

Device : iphone 16e
- Contact Updated (Form) executed has been setup on forth.
Settings: Carrier/Provider: Visible.
USSD COMMAND # 1 done!
(*) D not disturb when collectors agency calls.
(*) Do not disturb when creditor calls.
Call_blocking_identification : Yes .
Voice mail_ Recording: Enable. Recorded just for their last 30 days (1 moths ) > 3 Seconds.
Push notifications : Enable. / SMS/ Email.
Creditors call blocking: YES.

Solved!   9/23/2026",,,
"Robin Clay",marisleidyd@cordobalegal.com,2026-09-21,Cricket,1223777630,Android,samsung,"Customer needs first-time activation set up; Client submits the information but it does not send the code to complete the activation. << Verify your mobile phone number and complete the activation.",,,"Client not answering (3 days)","E: I was trying to reach our client but there was ring not answered as dialed.  9/22/2026
E: I was trying to reach our client but there was a ring not answered as dialed. 9/28/2026",,,
"Afshin Ebrahimian",jnunez@cordobalegal.com,2026-09-21,T-Mobile,CORDOBA-1244089376,Android,N/A,"Client is trying to log in he has set up the app previously with not problem when he tried to log in today got an error with the password tried with the OTP not able to log in",,,"Resolved with cx","E: Ticket has been returned. Agent may need to reach our client back to assist, by running a basic trouble shoot guide according to this scenarios.   9/22/2026

E:  I was trying to reach our client but there was an answered machine as dialed. 9/23/2026 1th attempt.

E:  I was able to reach our client, who has told us, her creditor X app has been updated at the last version released *1.10.0, and it has been working property!!     Client is happy!*  

*Solved!*  ",,,
"Armando Garcia",Julian.Hernandez@cordobalegal.com,2026-09-21,Metro,CORDOBA-1250758274,Android,"Samsung Galaxy A12","Client setup account already but it is showing always logging failed. Client deleted app and set it up again an no resolution",,,"Client not answering (3 days)","E: I was trying to reach our client but there was an answered machine as dialed.  9/22/206
E:I was trying to reach our client but there was an answered machine as dialed.  9/22/206",,,
"Mary Adams",marisleidyd@cordobalegal.com,2026-09-21,"x pinity movil",1228696448,Android,N/A,"creditor x block all her number including family members",,,"Client not answering (3 days)","E:  Client has told us, she wont be able to be stayed on the phone right now, because of she is currently working, please reach her back at 10:00 AM  9/22/2026     /   9-21-2026  /
E: I was able to reach our client she has told us, please reach her back for about 1 hour 9/28/2026

O: Unable to reach the client at the time scheduled. 9/28/26
E: I was trying to reach our client but there as  ring not answered as dialed. 9/29/2026",,,
"Vernon Alan Lovejoy",Esteban.Castillo@cordobalegal.com,2026-09-21,Verizon,CORDOBA-1243614691,IOS,"Iphone 15","Cx is having issues when he tries to access for the first time, when he tried to enter his user ID the app is not letting him, he can enter the last 4 of SSN and DOB but not the ID",,"Returned - Insufficient Information","Resolved with cx","E: Tickets has been returned due to non sufficient information. Agent may need to guide  our client  by running a basic trouble shoot guide for Creditor X.  9/21/2026

E: RING NOT ANSWERED AS DIALED. 9/22/2026
E:  I was able to reach our client in order to fix the issue when password recovery,  it has been setup.

• Click on Passwrod recovery,    
• Recovery user : alan3_lovejoy@msn.com  Recovery email : alan3_lovejoy@msn.com
-New password has been setup.
• All features were being setup on creditor X
• Push notifications setup. 
• Suggested numbers  'ADD ALL  +"" 
• Callblocking_forwarding : Active. 
• 
Solved!!",,,
"Carol Nelson",Dayan.Duarte@cordobalegal.com,2026-09-22,T-Mobile,1219880069,IOS,"iphone 16 e","Client states she was able to set up Creditor X app on her phone last week and ever since then she stopped receiving all voicemails now she has deleted the app from her phone and still the same, she is being told somebody left a voice mail but she never got it on her VM screen is showing no voicemail she even contacted T-Mobile and they told her nothing was wrong from their end.",,,"App uninstalled","E:I was trying to reach our client but there was an answered machine as dialed.  9/23/2026

E:  I was able to reach our client on behalf  to the following issue : Client states she was able to set up Creditor X app on her phone last week and ever since then she stopped receiving all voicemails now she has deleted the app from her phone and still the same, she is being told somebody left a voice mail but she never got it on her VM screen is showing no voicemail she even contacted T-Mobile and they told her nothing was wrong from their end.

Client was educated, please Dial “ ##21# in order to disable call forwarding or even dial ##004# as well.    Done!

Test call has been made at the line # 2,  and it works!   Call forwarding was being disable.  .

Client has preferred to uninstall  Creditor X for personal reasons.   9/25/2026",,,
"Carol A Messamore",Alejandra.Montana@cordobalegal.com,2026-09-21,Verizon,CORDOBA-1205843046,IOS,"Iphone  13 pro max","The app is not working, the cx kepp receiving phone app",,,"Call Agent (Additional information)","E:  Ticket has been returned due to insufficient information, Agent may need to run a basic trouble shoot guide for CREDITOR X Returned tickets.   9/21/2026",,,
"Glen Mcnair",Richard.Heredia@cordobalegal.com,2026-09-21,Cspire,1243806393,Android,"Samsung S21","Carrier NOT LISTED ON THE APP",,,"Client not answering (3 days)","E: I was trying to reach our client  but there was an answered machine as dialed 9/21/2026
E: I was trying to reach our client but there was an answered machine as dialed.  9/28/2026.",,,
"Raymond Butler",Alex.Consuegra@cordobalegal.com,2026-09-21,VERIZON,CORDOBA-1244883331,IOS,"Iphone 16 Pro","Cx reported he was login in into the Creditor X app and when he was setting the app up a message came saying ""Association phone number is missing from the extended data"". The app requested for the Cx to call us.",,,"Call Agent (Additional information)","E: Ticket has been returned, agent may need to run a trouble shoot guide to get them resolved.   9/22/2026
E: Ring not answered as dialed. 9/22/2026",,,
"Jill Schulz",robertc@cordobalegal.com,2026-09-21,VERIZON,CORDOBA-1249490256,"IOS, Android","IPHONE 12","CL tried setting up CreditorX in tablet, now she is trying to get it back to the phone, not being able to log in with ""is this your first log in"" or regular log in screen",,,"Resolved with cx","E: I was able to reach our client but there was an answered machine as dialed  9/21/2026

O: Client has been assisted",,,
"Carolyn Carter",laura.suarez@cordobalegal.com,2026-09-21,Spectrum,CORDOBA-1250924934,Android,"Client doesn't know which kind of phoen it is","Client says the app is showing an error on pink letters saying ""No permission granted"", client said she click on allow but nothing happens, the app doesn't allow her to continue",,,"Client not answering (3 days)","E:I was trying to reach our client but there was an answered machine as dialed 9/21/2026

O: Unable to reach the client, VML. 9/23/26

O: Unable to reach the client, VML.96/25/26",,,
"George Cheramy",Valentina.Lavelez@cordobalegal.com,2026-09-21,AT&T,1246896961,Android,"Samsung Galaxy S24 FE","contacted us to report that he already set up CreditorX, but there is a number of the ACHIEVEPL account calls him again when it is supposed that this phone number is already registered on the app. (4808804486)",,,"Client not answering (3 days)","E: I was trying tot reach our client but there was a ring not answered as dialed.
E:  Answered machine as dialed, unable to reach our client.  9/22/2026
O: Unabale to reach the client, VML. 9/25/26",,,
"Carol Nelson",Dilan.Riascos@cordobalegal.com,2026-09-18,T-Mobile,1219880069,IOS,"Iphone 16","Client can not received voicemails because her app blocked calls and voicemail",,,"App uninstalled","E: I was trying to reach our client but there was an answered machine as dialed.  9/21/2026

E: I was able to reach our client on behalf to the following issue : Client states she was able to set up Creditor X app on her phone last week and ever since then she stopped receiving all voicemails now she has deleted the app from her phone and still the same, she is being told somebody left a voice mail but she never got it on her VM screen is showing no voicemail she even contacted T-Mobile and they told her nothing was wrong from their end.

Client was educated, please Dial “ ##21# in order to disable call forwarding or even dial ##004# as well. Done!

Test call has been made at the line # 2, and it works! Call forwarding was being disable. .

Client has preferred to uninstall Creditor X for personal reasons.",,,
"Frank Salinas",Jhonatan.Callejas@cordobalegal.com,2026-09-18,"t mobile",1246420672,Android,samsumg,"client is no availble to create the account, when he click on is this your firts login? nothing happens, its no possible to update the app, we already unistall and install the app again",,Completed,Dev,"E:I was trying to reach our client but there was an answered machine as dialed. 9/21/2026

O: Unable to reach the client, VML. 9/25/26
E: -Creditor X last released version : 1.10.0 for android has been download.
• Click on “ Is this your 1th login “ . Next. / Hit confirm.
• “You have already logged into the app before.
• Password recovery
• “ Error “ Escalation was being made to DEV.

E: I was able to reach our client but he has told us, please reach him back at  5:30PM 10/1/2026 1TH ATTEMP.


E:I was able to reach our client on behalf to the following issue “ client is no available to create the account, when he click on is this your first login? nothing happens, its no possible to update the app, we already uninstall and install the app again”


-Device : Samsung.
-Creditor X old version has been uninstalled.
-Creditor X New version 1.11.0 has been installed.
-Click on “ Is this your 1th login ? “
-User ID : 1246420672 /Last 4 of his SSN: /Date of birth. “Already logged into the app before”.
-Go to password recovery
• Recovery User: 14322135486+ temp password, sent to : frank.salinas.hardwoodfloors@gmail.com
• Date of birth.
• Check your inbox! (Done) !
• As soon as it has been logged /authenticated on the app, it goes to the 1sth login form to setup his credentials once again.
• Routed to DEV.

E:I was trying to reach our client but there was  a ring not answered as dialed. 10/5/2026, IF a client reach us back please educated him to download Creditor X last released version. 1.11.0 for android.

E:I was able to reach our client on behalf to assit him about “Login failures “

-Mobil data : ON.
-Creditor X old version 1.10.0 has been uninstalled.
- Creditor X last released version 1.11.0 has been installed.
-Error: You have already logged in on this app Before “
-Password recovery. Username : 14322135486 + temporary password was being sent to the email frank.salinas.hardwoodfloors@gmail.com registered on forth, please check his inbox.
-Returns to : login form : Where (Username: 14322135486 /temp: *** )
- Authentication is done!
-Setup his own password, who has been assigned.
-Returns to : 1th login page by requesting The ID, data of birth oce again.
-Storage and cache / Tap Clear Cache/data.
-Force, stop the app. Creditor X. /Reloaded!
-Routed to Dev, It goes to the 1st login form as soon as he has been autetnicated.  10/06/2026",,,
"Kimberly Newsom",Lukas.Garzon@cordobalegal.com,2026-09-18,cricket,1241531387,IOS,"iphone 13","cx tried to add numbers but they appear in review","Blocked List",,"Resolved with cx","O: Number blocked!!",,,
"Ruth Law",robertc@cordobalegal.com,2026-09-18,Cricket,CORDOBA-1248877990,Android,Samsung,"Client state she is unable to click the Confirm button number after placing the Client ID, DOB and SSN.","First Login / Settings",,"Client not answering (3 days)","O: Unable to reach the client, VML. 9/18/26
O: Unable to reach the client, VML. 9/25/26
E: I was trying to reach our client but there was  a ring not answered as dialed.  9/28/2026",,,
"James Woosley",brayan.pulido@cordobalegal.com,2026-09-18,Verizon,CORDOBA-1243075907,IOS,Iphone,"The creditor x app is not blocking the calls and when he tried to add a new one the app does not let him move forward and add the new numbers","Blocked List",,"Resolved with cx","O: Unable to reach the client, VML. 9/18/26
O: Unable to reach the client, VML.9/25/26
E: I was trying to reach our client but there was an answered machine as dialed.  9/28/2026

E: First of all,  our client may need to provide a list of those number, whose tryying to be added via Creditor when sending a request for us to valid those number, however if the app is not blocking any of their suggested incoming calls from Creditor or even thridparty collectors agency, make sure all their inbound features on  Creditor  X  Settings are properly setup, even call forwarding_blocks.

E: I was able to reach our client in order to verify if those numbers: 8334117408
8552826353
8773575756.

Inbound call features are being setup on Creditor  X.  All creditor listed, are being blocked

Creditor X
(*) D not disturb when collectors agency calls.
(*) Do not disturb when creditor calls.
Allow access. + Enable blocking!

Solved!",,,
"Kathryn Donaubauer",Alejandra.Montana@cordobalegal.com,2026-09-22,Spectrum,CORDOBA-1246103508,Android,"Moto G","The cx cant login, the app said the temporary password is wrong, the user iD didnt works",,,"Resolved with cx","E: internal_failure_authentications_LOGIN_DATABASE    9/22/2026

E: I was able to reach our client our client on behalf to a login failures issue.
  Creditor X Version :  *1.10.0  (Android ).* 
• Tried with her old credentials but it says ""Login Fail "". 
• Password Recovery 
• New password has been assigned!   
• Client has been successfully  logged in into the app without any troubles!   
• APP  has been setup up to work!   
• Client preferred to turned off her voice mail recorded messages. 
• Granted  permissions. / Enable call blocking. 
 *Push notifications turned on.  ""SMS/EMAIL "".
Solved!  App is currently working property !",,,
"Gloria G Mejia",robertc@cordobalegal.com,2026-09-22,spectrum,CORDOBA-1226836599,Android,"Motorola Moto G Pure","she cannot sign in by any chance, username password didnt work, password recovery never sent the email, “is this your first login” didn't work.",,,"Resolved with cx","E: internal_failure_authentications_LOGIN_DATABASE  9/22/2026
O: Unable to reach the client, VML. 9/23/26",,,
"Marie Etienne Jean Louis",Lukas.Garzon@cordobalegal.com,2026-09-18,cricket,1248614680,Android,"samsung A54","cx cant log in into the account","First Login",,"Client not answering (3 days)","O: Cx busy, callback at 11:00 AM. 9/18/26
O: Unable to reach the client, VML. 9/18/26
O: Unable to reach the client, VML.  9/25/26
E:  I was trying to reach our client but there was an answered machine as dialed 9/28/2026",,,
"Jerome Zabojnik",Juan.Vicente@cordobalegal.com,2026-09-22,Visible,CORDOBA-1239216824,IOS,"Iphone 15 pro","The associates phone number is missing from external system data CreditorX team",,,"Client not answering (3 days)","E:  *Home Phone /Cell Phone has been updated, duplicated on forth, in order to avoid any missing information when authenticates purposes,  ""Contact is missing for the external system"".     I was trying to reach our client but there was an answered machine as dialed.    9/24/2026*

E: I was trying to reach our client but there was an answered machine as dialed . 9/25/2026",,,
"Richard Wright",Andersson.Acosta@cordobalegal.com,2026-09-24,"Consumer Cellular",CORDOBA-1215498795,Android,"motorola g 2025","Customer cannot setup the application, he taps on in this your firs login option but nothing happens, he uninstall the app, and tried again but it is still not working.",,,"Call Agent (Additional information)","O: Unable to complete the TS. Callback after 6 pm 9/24/26",,,
"Esteban Silva",Juan.Vicente@cordobalegal.com,2026-09-23,Cricket,CORDOBA-1249615624,Android,"Samsung S24 Ultra","Still getting phone calls",,,"Client not answering (3 days)","O:Unable to reach the client, VML. 9/24/26
E: Ring not answered as dialed 9/25/2026",,,
"Linda Andrews",Juan.Vicente@cordobalegal.com,2026-09-23,"Straight Talk by Verizon",CORDOBA-1219566376,Android,TCL,"Unable to create the credentials , keep taking the customer back to the main page",,,"Client not answering (3 days)","O: Unable to reach the client, VML. 9/24/26
E:   I was trying to reach our client but there was a ring not answers as dialed 9/25/2026",,,
"Luther Roehrs",Juan.Vicente@cordobalegal.com,2026-09-23,T-Mobile,CORDOBA-1244608719,IOS,"Iphone 16 Pro max","The App is asking for a Password, and the Client is not having it.",,,"Client not answering (3 days)","O: Unable to reach the client, VML. 9/24/26
E: I was trying to reach our client but there was a ring not answered as dialed.  9/25/2026",,,
"ANITA KELLY HARRISON",Andersson.Acosta@cordobalegal.com,2026-09-24,AT&T,1221494643,IOS,"iPhone 15","after getting to the USSD commands and hitting the option of send USSD command she kept getting a message saying, ""this link was blocked because it contains malware that will forward all your upcoming calls"", and didn't allow her to send it.",,,"Client not answering (3 days)","O: Unable to reach the client, VML. 9/24/26
E:   I was trying to reach our client but there was a ring not answered,.   9/25/2026
 I was trying to reach our client but there was a ring not answered,.   9/29/2026",,,
"Jessica Amaya",Camila.Torres@cordobalegal.com,2026-09-24,T-Mobile,CORDOBA-1253272530,IOS,"Iphone 17 pro max","Client is unable to create their user and complete their first login as ID appear as incorrect when they attempt",,,"Resolved with cx","O: Resolution:
-  Last vs for iOS installed.
- We followed the first login options without problems.
- USSD command sent successfully

-Settings:
*Do not disturb me with creditors calls.
* Do not disturb me with collection agency calls.
* VM recording.
*Push notifications.

** call forwarding showing green and active **
Resolved with the client!!",,,
"Roderick Warner",Juanita.Rodriguez@cordobalegal.com,2026-09-24,Verizon,CORDOBA-1252811402,Android,"Samsung S26 Plus","Error or user not found",,,Dev,"E:  Client has told us, please reach him back at  3:00pm   9/25/2026 because of he is currently driving right now, so that he wont be stayed on the phone.  Rescheduled a callback.

E:Routed to DEV  9/25/2026",,,
"Cynthia Plemmons",Richard.Heredia@cordobalegal.com,2026-09-24,T-mobile,1254176078,Android,"Samsung note 8","C hasn't been able to login on CreditorX after setting up the profile, tried many times to change her password and still got issues with it",,,"Resolved with cx","E: I was able to reach our client on behalf to the following issue “Login failure” .

-Wifi : on.
-Creditor X app has been closed.
-Settings, Clear Cache/data
-Launch creditor X, Android: 1.10.0
-Contact Data Updated once again.
• 1s this your 1th login :
• Password has been assigned. / Confirmation code is done.
• Username: grannylouwho56@gmail.com password: Cyntia#123a
• Tested, now it works!
• Force stop “ Creditor X : “ Client device “ . Galaxy S8.
• Launched, Adjusted font size /Screen size, but our client is having issues with her Touch pad,sometimes, Client was educated to looking for a repairing center or even replace her phone to fix her touch pad event.
• I have sent an article about how to Quick Setup & App Walkthrough.
• The app is working property, Client note down her password.
• Solved.   
",,,
"Joseph Harris",Valentina.Lavelez@cordobalegal.com,2026-09-23,"Consumer Cellular",1245941543,IOS,Iphone,"customer contacted to report that he is unable to enter on the CreditorX app, we confirm to the customer his id and after that it says ""username or password incorrect"" customer goes to ""password recovery""  but customer said he is not getting anything ""user not found"" error message.",,,"Client not answering (3 days)","O: Unable to reach the client, VML. 9/24/26
E:  I was trying to reach our client but there was an answered machine as dialed.  9/25/2026",,,
"Ray Mejias",robertc@cordobalegal.com,2026-09-23,"T Mobile",CORDOBA-1243618530,IOS,"Iphone 17 pro  max","customer tried to continue with the steps to set up the app but got a message that he already have an account when entering the DOB and last 4 of SSN , then we did the password recovery and he is getting User not found error",,,"Client not answering (3 days)","O: callback at 3:30
E:  I was trying to reach our client  but there was an answered machine as dialed  9/25/2026 .",,,
"Roderick Warner",robertc@cordobalegal.com,2026-09-23,Verizon,CORDOBA-1252811402,Android,"Samsung (Galaxy S-26)","Error message ""User Not found"" try  password recovery Error ""User not Found"" try to log with phone # same error ""User not Found"" (correct email & phone match on the customer profile) uninstall & reinstall app but still nothing seems to be working",,Completed,"Client not answering (3 days)","O: Resolution:
- Client reinstalled the app.
-Cache and data deleted.
-We followed the password recovery steps and received the reset password email.
-We got a red error with the temporary password.

Escalated!!


E: I was able to reach our client in order to run a test.

Device : Samsung (Galaxy S-26)
-Creditor X old version has been uninstalled.
-Creditor X New version 1.11.0 has been installed.
-Password recovery: Username :404-895-4612, email :
-Temporary password has been sent to his inbox, please check. Go to the main page(Form) Login : 404-895-4612, /password(Temp password 5F69134 ).
- “Error “ Red label displayed down on the app screen.

Routed to Dev

E: I was trying to reach our client but there was a ring not answered as dialed.
IF A CLIENT REACH US BACK PLEASE EDUCATED HIM TO DOWNLOAD CREDITOR X LAST RELEASED VERSION FOR ANDROID 1.11.0",,,
"Jeanette Lopez Hernandez",Juan.Vicente@cordobalegal.com,2026-09-22,T-Mobile,CORDOBA-1222289888,IOS,"Iphone 15","The associates phone number is missing contact CreditorX team",,,"Call Agent (Additional information)","E: I was trying to reach our client but there was an answered machine as dialed.   9/24/2026
E: I was trying to reach our client but there was an answered machine as dialed  9/25/2026

E: AT THIS POINT OF VIEW THE REASON OF WHY DOES THE APP IS NOT UP TO RUN! ITS BECAUSE OF THERE WAS A MISSING DUPLICATED PHONE NUMBER WHOSE MUST BE UPDATED ON FORTH MARK AS DUPLICATED. ADD IT ON.

TICKET HAS BEEN RETURNED, CALL AGENT. ""PLEASE REACH OUR CLIENT FOR A BASIC TROUBLE SHOOT GUIDE "" BY CREATING A CREDITOR X PROFILE, BY CLICKING ON ""IS THIS YOUR FIRST LOGIN ""

IF THERE IS NOTHING RESOLVED, WE WOULD BE MORE THAN GLAD TO ASSIST THE CLIENT.  PLEASE GUIDE THE AGENT TO USE A BASIC TROUBLE SHOOT GUIDE http://172.30.1.31:3000/index.html",,,
"Troy Baumann",Diego.Reyes@cordobalegal.com,2026-09-22,verizon,1237270727,IOS,16,"cx  is unable to  pass from  the 1rst  step  cx already  try multiple time and is  putting  accurate info  but  app says that  there is an error on  the  info  we  verify client  is putting  correct info   (cx just available  to  call between 3.30 to 4 pm  today or  12 to 12.30  or  3 .30 to 4 pm on Wednesday )",,,"Client not answering (3 days)","E:  internal_failure_autentications_LOGIN_DATABASE   9/22/2026
O: Unable to reach the client, VML. 9/23/26
E: I was trying to reach our client but there was an answered machine as dialed  9/25/2026",,,
"Roxeanna Vaughn",Juan.Vicente@cordobalegal.com,2026-09-22,VERIZON,CORDOBA-1228156179,IOS,"Iphone 16","Phone number is missing from external data system.",,,"Resolved with cx","O: Unable to reach the client, VML. 9/23/26
E: I was able to reach our client on behalf to the following issue “1th login ”

-Contact information on forth has been updated.
-Creditor X old version iOS: V1.5.0 has been uninstalled.
-Creditor X last released version iOS: V1.5.1 has been installed. Dwonload by apple store.
-Click on “ Is this your 1th login “ .
-ID : 1228156179 / last 4 of her SSN + Date of birth.
-Username: roxeanna50@gmail.com
-New password has been assigned! Hit next.
-SMS Code confirmation done.
-Signed in!
Settings: Carrier : Verizon.
-Allow calls redirects: YES
-USSDD  COMMAND #1  tap CALL.     Done!
• Voice mail recording : ON. (Available just for their  last 30 days 1th ) recording  >  3 seconds  to play.  
(*) D not disturb when collectors agency calls.
(*) Do not disturb when creditor calls.
Push notifications : By email or SMS.  (ON)
Educated about the suggested list (+) blocked list (ADD +)
Home:  Call forwarding_ Blocking: Active.

Solved!",,,
"Melvina Taylor",Juan.Vicente@cordobalegal.com,2026-09-22,At&T,CORDOBA-1252075123,Android,"Samsung S23 Ultra","When trying to create the credentials keep taking the customer out to the main screen",,,"Client not answering (3 days)","E: I was trying to reach our client but  there was an answered machine as dialed  9/24/2026
E: I was trying to reach our client but there was a ring not answered as dialed  9/25/2026",,,
"Phyllis Hojnacki",Julian.Hernandez@cordobalegal.com,2026-09-23,Verizon,CORDOBA-1250764601,IOS,"iPhone 15","Client already created the user, but it was not taking the email address, Account ID, and phone number and stated it was wrong information. Tried to recover but not taking the information.",,,"Client not answering (3 days)","O: call back at 7pm
E: I was trying to reach our client but nobody has answered jet.  9/25/2026",,,
"Mary Magdalene Aikens",Ronald.Lara@cordobalegal.com,2026-09-23,Verizon,1248507487,IOS,"iphone 16 pro","App is not blocking the harassment calls from creditors",,,"App uninstalled","O: The client was a bit annoyed because the app did a mess with her VM, and she spent three hours with T-Mobile trying to resolve it.  She got a call and hat  to go. NFA",,,
"Matthew Butler",Diego.Reyes@cordobalegal.com,2026-09-23,spectrum,1208650986,IOS,iphone16,"when  client  try to  sent ussd command  not work  app send  code  just show a  phone number and ask  her  to call  and  not  let her  click  on the option and  not  let  her  procedure bts  not  work (call today between   3  and  5  NJ time",,,"App uninstalled","O: Unable to reach the client, VML. 9/23/26
O: Unable to reach the client, VML. 9/24/26
E:I was able to reach our client, he has told us, he does not need to install  Creditor X.  Client says its ok for now.  9/26/2026",,,
"Cass Turner Jr",Omar.Mogollon@cordobalegal.com,2026-09-23,"Xfinity Comcast",1212098504,Android,"Samsung s10","User name is not working for the cl, unable to logging, tried to log in with the Cordoba ID, Email address and phone number and it said Username is not found",,,"Client not answering (3 days)","O: internal_failure_authentications_LOGIN_DATABASE  9/23/2026
O: Unable to reach the client, VML. 9/23/26
O: Unable to reach the client, VMl. 9/24/26
E: I was trying to reach our client but there was an answered machine as dialed 9/25/2026",,,
"Hans Uebelhoer",Jhonatan.Callejas@cordobalegal.com,2026-09-23,verizon,1244779293,IOS,"iphone 17 pro max","cx is not able to reset the password, he made the password recovery process with his email as user name, client received the temporary password, but when he tried to login the user name does not work both email or phone number, in forth crm the infomation is correct",,,"Client not answering (3 days)","O: internal_failure_authentications_LOGIN_DATABASE  9/23/2026
E:   Ring not answered as dialed. 9/23/2062
E: I was able to reach our client,  in order to follow up, according to a password recovery issue.     Error "" Oops something went wrong on our end!  "" Internal failure.  Case ha been managed  on DEV to get them resolved.

E:I was trying to reach our client but there was an answered machine as dialed  10/2/2026",,,
"Linda Metcalfe",Richard.Heredia@cordobalegal.com,2026-09-23,Xfinity,1244382407,Android,"Motorola g stylus 5G","Cx hasn't been able to login on CreditorX after setting up the profile. Cx said she has tried several times to login using both her email and phone number, but is not recognizing her and when she try to reset the password is not allowing her to do so.",,,"Resolved with cx","E: internal_failure_authentications_LOGIN_DATABASE  9/23/2026

E:   I was able to reach our client, on behalf to a login failures issue,.   Tested!  Currently working now!
 Creditor x  version :: *1.10.0* 
• Tried with her old credentials, but it says user not found. 
• Click on  Password recovery   
*New password has been assigned to his account.
• Creditor  X has been successfully setup. 
Solved!   9/23/2026",,,
"AUSTIN HOFFNER",jnunez@cordobalegal.com,2026-09-22,T-Mobile,CORDOBA-1227875544,Android,"Samsung Galaxy S25 Ultra","Client was logged out from his account and when he tries to recover password it shows as user not found...",,,"Client not answering (3 days)","E: internal_failure_authentications_LOGIN_DATABASE 9/23/2026
O: Unable to reach the client, VML. 9/23/26
E: I was trying to reach our client but there was a ring not answered as dialed  9/25/2026",,,
"Rae Bartle",Jessi.Correa@cordobalegal.com,2026-09-22,AT&T,1244819447,Android,"Samsung galaxy note 9","The app is showing an old email that is not the one on our file and the app does not let her change it.",,,"Call Agent (Additional information)","E: I was trying to reach our client but there was a ring not answered as dialed.  9/23/2026
E:  I was trying to reach our client but there was a ring not answered as dialed.  9/24/2026

At this point, our client must be login into the creditor X with her old email. Them go to

1 "".Click on Account ""
2. ""Permanently delete account""
3. "" Click on is this your 1th login ?""
4. Update a new email, for being setup as a new creditor X PROFILE.

* Client satisfied (Yes or No):
* Escalation Requested (Yes or No):
* If applicable, name of person/department escalated to:
* Other important information, if any:",,,
"Jeffery Nemitz",Sharon.Amado@cordobalegal.com,2026-09-22,Spectrum,1244926330,Android,"Galaxy S 25+","Client is trying to log into the app, he had already created the account but forgot the password, when trying to reset the password it says user not found, after clicking ""is this your first logging'"" it takes him to the first page to fill username and password.",,,"Client not answering (3 days)","O:  internal_failure_autentications_LOGIN_DATABASE 9/22/026
O: Unable to reach the client, VML. 9/23/26
E:  I was  trying to reach our client bu there was a ring not answered as dialed.  9/25/2026",,,
"George Cheramy",robertc@cordobalegal.com,2026-09-18,AT&T,CORDOBA-1246896961,Android,"Samsung Galaxy S24 FE","The app is not letting him go through the next step, he places his ID, SSN and DOB but there is no button to continue","First Login / Settings",,"Client not answering (3 days)","O: unable to reach the client, VML. 9/25/26",,,
"Ken Gomez",rromero@cordobalegal.com,2026-09-18,Verizon,1241502565,IOS,Iphone,"Client submitted a request to block a number that he has been harassed for more than 7 days, but every he try to resubmit it, it keeps saying it is under review, but we have done nothing, meanwhile he is being harassed","Blocked List",,"Call Agent (Additional information)","O: Unable to reach the client, VML. 9/18/26
O: Unable to reach the client, VML. 9/25/26
E: Returned tickets due to a missing information, we may need to get such as a list of those number for being manual verify on our database just to check in, or even determine if they have rejected by the main server.  Please educated the agent to reach our client.",,,
"Celia Arias",Juan.Yanez@cordobalegal.com,2026-09-24,T-Mobile,CORDOBA-1228386744,IOS,"14 pro","Iphone is not letting her add just creditor numbers to Credt. X. Client said is blocking all kind of calls",,,"Call Agent (Additional information)","O: Cx busy. 9/24/26
E: I was trying to reach our client but there was an answered machine as dialed  9/25/2026
E: Ticket has returned due to non complete information, we must have such as list of those number whose should be blocked, in order to determine if they are such as a valid phone numbers for 3rd party or even banking phone number as main trouble...  9/25/2026",,,
"Paul Faulkne",Engell.Angel@cordobalegal.com,2026-05-22,Cricket,CORDOBA-1208991266,Android,N/A,"Reason: Phone number missing from external system.

I was able to reach our clients in order to assist her about CREDITOR X SUPPORT, relate to the error:
The phone number is missing from external system data.. After getting into “Is this your first login?” command, when entering his user ID, the last 4 of his SSN and DOB, a

There was answered machine as dialed, I was able to reach him back once again!

Trouble shoot.

APP was being uninstalled
Android version : 16
Device: MOTOROLA G225
Google Play store Library : Updated!
Client was educated please click on “ Get in on google play, subject “Introducing CreditorX ”
Downloaded: V1.5.0 ANDROID
App has been Installed already!
Home phone /Cell phone are being updated on forth CRM.

Please click on “is this your first login ?“

Grayed out button.

Connection time out was not resolved, meanwhile updating his last version of Cordoba Creditor X APP, V1.5.0 ANDROID. Trouble shoot.","First Login",Completed,"Client not answering (3 days)","E:""Migration_Unresolved_issue_Creditor_X_TO: new Creditor X T2 ""

E: I was trying to reach our client but there was an answered machine as dialed 9/18/2026. 1th attemp.

O: Unable to reach the client at the time scheduled 6:00 PM
 I was trying to reach our client but there was an answered machine as dialed 9/24/2026",,hiredexperts.atlassian.net/browse/HED-1745,
"Charles Kenneth Frakes",Engell.Angel@cordobalegal.com,2026-06-05,AT&T,Cordoba-1197852518,Android,"Samsung  GALAXY 23","Cx called in to get help to setup the creditor X. I needed to sent to him the creditor X email how ever he was not able to download it I told him to get help from some one else he said that he his along.


I was able to get in touch with the client in order to setup his New Creditor X app, under the following device:
GALAXY 23, I have already sent a Creditor X email in order to download his Creditor X APP, Last version V1.5.0, to : ckfrakes0616@yahoo.com, please go to “PLAY STORE “ Download it, then click to install it .

Subject “Attorney Client Privileged Put an End to Harassing Creditor Calls — Introducing Creditor X” Please click on
“Getting on google play”, CLIENT ID : hey will need his Client Id “ 1197852518 “ for authentication purposes when login.

Client has told us, he does not have a play store_app installed on his phone at all, therefore I was trying to assist him by letting him knows, how to download Play store library, but he does not knows how to do it. Client was educated, please looking for somebody at home whose will be assist him download it,
I tried to guide him about how to download Play store but he does not knows how to do it.

Client was educated, he may need to create a google account them, download  Cordoba Creditor X FROM THE PLAY_STORE, BY asking for somebody at the shop or even looking for someone at home.",Setup,"In progress","Resolved with cx","E:""Migration_Unresolved_issue_Creditor_X_TO: new Creditor X T2 ""
E: I was able to reach our client who has confirmed us, the app has been installed already, Successful login on the app.

*Settings :
Voice mail_recording on : Turned on.
(+) D not disturb when collectors agency calls.
(+) Do not disturb when creditor calls.
Educated about the suggsted/blocked list + Blocking a single creditor number via (ADD) Button on creditor X
Solved!","D - It cannot be resolved because the client needs to install the application directly from the App Store.",,
"Barbara Hutson",ocalderon@cordobalegal.com,2026-07-01,Xfinity,CORDOBA-1227540999,IOS,"IPhone 14","Cx is not able to use the first login option, she entered her info and it was not recoginized but she can start the process again, she already tried to update the IOS, restart the phone  and is not working.

Answered machine as dialed.
Answered machine as dialed.","First Login",Completed,"Client not answering (3 days)","O: "" Migration_Unresolved_issue_Creditor_X_TO: new Creditor X T2 ""
O: First attempt to download the latest version ( iOS: 1.5.1.) and fix the unresponsive ""first login"" issue. 9/18/26

Please educated the client to download the latest version ( iOS: 1.5.1.) and fix the unresponsive ""first login""

I was trying tor each our client in order to download a last version of creditor x for being tested with the client but there was an answered machine as dialed. 9/24/2026",,hiredexperts.atlassian.net/browse/HED-1745,
"Stephanie J Waddell",ocalderon@cordobalegal.com,2026-07-01,N/A,CORDOBA-1214980174,Android,"Samsung Galaxy","When client input credentials as the first  time login after buffering a pop-up came up saying : no credentials",,Completed,"Resolved with cx","O: "" Migration_Unresolved_issue_Creditor_X_TO: new Creditor X T2 ""

O: -The client was able to click on ""Is this first log in"" section without any problem.

- Tun on Call forwarding: On.
- USSD command sent successfully.
- Enable blocking: Set as default.

** call forwarding active and green **

Settings:
- Do not disturb me with creditors calls.
- Do not disturb me with collection agency calls.
-Push notifications: On.

Resolved with the client!!",,hiredexperts.atlassian.net/browse/HED-1745,
"Denise Boudreau",rosbelym@cordobalegal.com,2026-09-14,Verizon,1175253551,Android,"Samsung Galaxy","Is not allowing yo receive voice mails after set up the apps.",,,"Client not answering (3 days)","E: I was trying to reach our client but there was a ring no answered as dialed. 9/14/26

E: I was trying to reach our client on behalf to assist her about, their voice mail recording issues, but there was an answered machine as dialed. 9/15/2026

O: Unable to reach the client, VML. 3rd attempt: 9/16/26",,,
"Tina Laranjo",Engell.Angel@cordobalegal.com,2026-05-27,T-Mobile,CORDOBA-1208519840,IOS,N/A,"app is not letting her set up a profile. every time if she click on first time login do nothing. deleted and re download the app several times and still nothing

Answered machine as dialed.",,Completed,"Account Canceled","E:""Migration_Unresolved_issue_Creditor_X_TO: new Creditor X T2 """,,hiredexperts.atlassian.net/browse/HED-1745,
"Alex Ward",ocalderon@cordobalegal.com,2026-07-02,"Google Fi",CORDOBA-1215097010,Android,"Google Pixel 10","Customer cannot see her carrier listed in the carrier list during the app set up process",Setup,"In progress","Resolved with cx","O: "" Migration_Unresolved_issue_Creditor_X_TO: new Creditor X T2 ""

E: Provider: Google Fi, > Carrier Infrastructure: Runs on T-Mobile.

Client does not remember his username/password.
Password_ Recovery.
Username peanut.pt@gmail.com Temporary password sent via email.
Client has told us she will do a test once again after 10 seconds to get a new password in order to try again. It did not works.

Client was educated,  Google Fi Wireless is based on a Wi-Fi-based phone,   but its not connected into a GSM/LTE networks so that Her USSD Command is not working, otherwise I suggested her to looking for an other carrier such as AT&T or T-Mobil networks as a main servicing for a better network coverage/celular coverage, or non virtual Carrier phone plan.

Client understood.","D - We do not have an agreement with the indicated carrier.",,
"Yuraira Venegas",ocalderon@cordobalegal.com,2026-07-28,AT&T,CORDOBA-1220153227,IOS,"Iphone 14","CX reports her app is not letting her continue from the main page so is not letting her to access her acc by any way. I duplicate the phone number and requested to send screenshots by email.

 yurairavenegas@gmail.com",,"In progress","Resolved with cx","O: "" Migration_Unresolved_issue_Creditor_X_TO: new Creditor X T2 ""

O: Unable to reach the client, VML.
E:   I was able to reach our client on behalf to the following issue “CX reports her app is not letting her continue from the main page so is not letting her to access her acc by any way. I duplicate the phone number and requested to send screenshots by email.”.


Creditor X old version V1.5.0 has been uninstalled.
Credit X New released version V1.5.1 has been installed.
Click on :( Is this your 1th login ).
last 4 of her SSN : 1220153227
Date of birth
Create a new password.
Password has been assigned.
USSD : COMMAND #1 Done. COMMAND #2 Done!
Did you completed USSD Command: YES.
Proceded: Yes
(*) D not disturb when collectors agency calls.
(*) Do not disturb when creditor calls.
Call_blocking_identification : Yes .
Voice mail_ Recording: Enable. Recorded just for their last 30 days (1 moths ) > 3 Seconds.
Push notifications : Enable. / SMS/ Email.
Creditors call blocking: YES.  / Suggested numbers added into the blocked list.  Explained how to block a  Creditor number via (ADD)  single actions.

Solved!",validation,,
"Rafael Pacheco",Engell.Angel@cordobalegal.com,2026-05-26,N/A,CORDOBA-1208896357,IOS,N/A,"Customer is adding the Creditors, procedure completed, but the creditor does not show on the blocked list.",,"In progress","Account Canceled","E:""Migration_Unresolved_issue_Creditor_X_TO: new Creditor X T2 ""
E: Account is cancelled 9/21/2026",validation,,
"Stacy Cofer",ocalderon@cordobalegal.com,2026-09-16,Verizon,CORDOBA-1219251795,IOS,"Iphone 16","The client is not able to login, when she click on the ""is this yor fisrt time login?"" it doesn`t let her going foward, she has already tried to delete and dowload the app again but she is still not able to going foward",,Completed,"Resolved with cx","O: "" Migration_Unresolved_issue_Creditor_X_TO: new Creditor X T2 ""

O: -Las vs for iOS installed: 1.5.1
-The client was able to click on ""Is this first log in"" section without any problem.

- Tun on Call forwarding: On.
- USSD command sent successfully.
- Enable blocking: Set as default.

** call forwarding active and green **

Settings:
- Do not disturb me with creditors calls.
- Do not disturb me with collection agency calls.
-Push notifications: On.

Resolved with the client!!",,hiredexperts.atlassian.net/browse/HED-1745,
"Steve Levow",Engell.Angel@cordobalegal.com,2026-05-22,AT&T,CORDOBA-1200522529,IOS,N/A,"Reason: The customer was unable to access the CreditorX app. When tapping the link “Is this your first login?” nothing happened.

Ring not answered as dialed.
Could not be trouble shoot, client would like to talk with the legal dept instead.",,Completed,"Resolved with cx","E:""Migration_Unresolved_issue_Creditor_X_TO: new Creditor X T2 ""
Steve Levow

O: -Las vs for iOS installed: 1.5.1
-The client was able to click on ""Is this first log in"" section without any problem.

- Tun on Call forwarding: On.
- USSD command sent successfully.
- Enable blocking: Set as default.

** call forwarding active and green **

Settings:
- Do not disturb me with creditors calls.
- Do not disturb me with collection agency calls.
-Push notifications: On.

Resolved with the client!!",,hiredexperts.atlassian.net/browse/HED-1745,
"Tina Laranjo",ocalderon@cordobalegal.com,2026-07-21,T-Mobile,CORDOBA-1208519840,IOS,"Iphone 15","Cx downloaded the App, but it would not allow her to press any button or do any process or click on ""Is this your first login""",,Completed,"Account Canceled","O: "" Migration_Unresolved_issue_Creditor_X_TO: new Creditor X T2 ""
E: Account was being cancelled on  2026-09-09  out of servicing, not tested. 9/18/2026",,hiredexperts.atlassian.net/browse/HED-1745,
"Jordamis Valcius",ocalderon@cordobalegal.com,2026-07-22,"Boost MOBILE",CORDOBA-1221447983,IOS,"IPHONE IPHONE SE","-Carrier: Boost mobil
-Device::IPHONE IPHONE SE
-IOS VERSION: 26.5
-APP: Creditors X // Installed: new version : V1.4.1
-App_store: Downloaded, them reinstalled again.
APP Store library was being updated.
-Mobl data : ON.

Grayed out button. Last version of V1.4.1 already updated! Cache was being cleared, reinstalled the app, APP STORE LIBRARY UPDATED, but nothing works, internet connections is on.

Not resolved.","First Login",Completed,"Client not answering (3 days)","O: "" Migration_Unresolved_issue_Creditor_X_TO: new Creditor X T2 ""
E: There was an answered machine as dialed  9/18/2026 1th attemps.

E: I was able to reach our client but has told us, please reach him back at 5:00pm or even at 6:00PM   9/18/2026

E:  I was trying to reach our client but there was a ring not answered as diald  9/27/2026.

IF A CLIENT REACH US BACK PLEASE EDUCATED HIM TO DOWNLOAD A LAST RELEASED VERSION OF CREDITOR X iOS: V1.5.1 TO GET FIXED.",,hiredexperts.atlassian.net/browse/HED-1745,
"Dawn Nanz",Engell.Angel@cordobalegal.com,2026-06-10,AT&T,1216757613,IOS,N/A,"Good morning, this client is having issues login in to the app, she explained she tried to log in the first time using her Home Phone number, and since she was not getting the code she tried to go back to change the number to her Cell Phone, the app did not allowed her to login after that, please assist. Thanks.

RESCHEDULLED A CALLBACK AT 9:00AM
AS ABLE TO REACH OUR CLIENTS BACK IN ORDER TO ASSIST HER WITH HER CREDITOR X APP, DUE TO THE ERROR "" LOGIN FAILURES "" BUT SHE HAS TOLD US, PLEAS REACH HER BACK AFTER 5:00PM

Client has told us, please reach  her back for about 45 minutes.
t says, already logged into the app before,please login user the username you have selected earlier “. however
I was able to let her knows, please reset their credentials, Please go to “Password recovery “, by entering her Subscriber # 302-228-6704 or Cordoba ID + Email: dawn.nanz@gmail.com, once fit has done, a temporary password should be sent to her email, including her username + temporary password for being changed it.

Its working right now, but their voice mail is not working at all.

It says there is not voice mail, but she will see a list from every voice mail recorded into the database into her last version of 1.4.1 IOS. Voice mail is “grayed out “ Number 0, The whole app is not working! Creditor blocked/forwarded calls is active on a green color. Voice_mail is empty “Grayed ” ..

-APP was being uninstalled
App has been downloaded t
App has been installed at the last version “V1.4.1 IOS.

HOME PAGE :

------ Voice mail 0, / ----Redirected :25
HOME PAGE :

------ Voice mail 0, / ----Redirected :25, App was being updated at the last version, v1.4.1, but it does not works at all,she has got voice mail but they are not displayed on the app.

Client was educated, we are still working on it, we will get in touch once we have found a solution, case has been rotued with TR3 SUPPORT.",,"In progress","App uninstalled","E:""Migration_Unresolved_issue_Creditor_X_TO: new Creditor X T2 ""

E: I was able to reach our clients on behalf to the creditor X APP, on  but its still the same, not matter if it has been updating, she is getting issues with her voice mail, she used to open the app and turned off her call forwarding features, she had made a trouble shoot its still the same.   9/14/2026

E:I was able to reach our client in order to install  Creditor X  released version V1.5.1 , but Client has told us, its is not working, she does not have a good day right now to trouble shoot, she had just installed, she is not interested for now.",validation,,
"Lilia Sloan",ocalderon@cordobalegal.com,2026-07-23,T-Mobile,CORDOBA-1206200922,IOS,"Iphone 10","The app is not allowing to make password reset, cx prev access but unable to access with the password she created and does not allow to create a new one",,"In progress","Client not answering (3 days)","O: "" Migration_Unresolved_issue_Creditor_X_TO: new Creditor X T2 ""
O: Unable to reach the client, VML.
E:  was trying to reach our client but there was a ring not answered as dialed. 9/21/2026",validation,,
"POONSIRI WEINBERGER",Engell.Angel@cordobalegal.com,2026-05-14,Xfinity,CORDOBA-1212873745,Android,N/A,"Reason: The app is showng she already logged in but cx has no acc for the app.",Auth/Login,"In progress","Resolved with cx","E:""Migration_Unresolved_issue_Creditor_X_TO: new Creditor X T2 ""

O: Unable to reach the client, VML.
I was able to reach our client but she has told us, we will reach her back later on 9/21/2026

E: I was able to reach our client regarding regarding to the following issue: The app is showng she already logged in but cx has no acc for the app, but our client has confirmed the app is up and running ! It does works! Client was educated about how to block a number into the suggested list routed to the blocked sections list, / How to request a creditor phone number for being blocked at the (ADD ) Button on the top right corner. Dot not disturb when creditors calls/collectors call, all of those features must be available to deny calls.  9/24/2026

Resolved!",validation,,
"Jermaine Tucker",ocalderon@cordobalegal.com,2026-07-23,AT&T,CORDOBA-1222254000,Android,N/A,"it says cx already have access when he tried to access APP is running an error",Auth/Login,"In progress","Client not answering (3 days)","O: "" Migration_Unresolved_issue_Creditor_X_TO: new Creditor X T2 ""
E:: I was able to reach our client in order to follow up his tickets, but he would like to be reached at : 4:30:PM For any testing based on Creditor X APP.  9/14/2026

E:I was able to reach our clients on behalf to a crditor X APP, on behalf to her creditor x app, but its still the same, not matter if it has been updating, she is getting issues with her voice mail, she used to open the app and turned off her call forwarding features, she had made a trouble shoot its still the same.

I was able to reach our client on behalf to the following issue “ it says cx already have access when he tried to access APP is running an error “ .

Creditor x old version has been uninstalled.
Creditor X last version : 1.10.0
Click on “ is this your 1st time to login “
Account has already Already login .
Click on Password recovery . Username: brojtuck@gmail.com + temp sent via email at : brojtuck@gmail.com, .

When login it says :Error “ Dont have an account “. unless a temporary password has been sent.  Recovery password done for about 2 times, leased time frame for requesting a new temp get a new password 6 minutes  for a second attempts. nothing works!
Follow up.

E:I was trying to reach our client but there was an answers machine as dialed. 9/21/2026",validation,,
"Harriet Poli",Engell.Angel@cordobalegal.com,2026-05-07,N/A,CORDOBA-1199693487,IOS,N/A,"""User not found"", client was asked to delete it and then download it again, still unable to log in.",,"In progress","Client not answering (3 days)","E: ""Migration_Unresolved_issue_Creditor_X_TO: new Creditor X T2 ""

O: Resolution:
-Creditor X has been installed.
-""Is this your first log in"" remained unresponsive.

-Creditor X Offloaded; cache cleared and reinstalled.
-Safari updated.
-Safari data and history cleared
-""Is this your first log in"" remained unresponsive.

 -Switched to Mobil data instead of WIFI.
- "" Is this your first log in"" remained unresponsive

E: I was trying to reach our client  but there was an answered machine as dialed.9/21/2026",validation,,
"Timothy Filichia",Engell.Angel@cordobalegal.com,2026-05-06,Verizon,CORDOBA-1205535264,IOS,"IPHONE 12 PRO","is not letting the customer select( is this your first time login

**************************************
I was able to reach our clients back in order to assist him with his creditors X APP, issues “ is not letting the customer select( is this your first time login, Grayed out ”.

-Carrier: Verizon Wirelesses.
-Device::IPHONE 12 PRO:
-IOS VERSION: 26.6 Last version updated.
-APP: Creditors X // Installed: new version : V1.4.1
-App_store: Downloaded, them reinstalled.
-Cleared cache.

-Tap Offload App and confirm. This removes the app to clear its cache while keeping your core documents and data.

-Reinstalled app.
- APP STORE Library must be updated,
- App Store , profile picture Then tap on app updated, select updated all.
(APP STORE) Library has been updated At all.
There is an updated whose wont be done meanwhile he has stayed on the phone.

Client was educated I will reach him back for about 20 minutes once it has been finished.

I was able to reach our clienst back, but its stayed : Grayed out button. Last version of V1.4.1 already updated! Cache was being cleared, reinstalled the app, APP STORE LIBRARY UPDATED, but nothing works, internet connections is on.

Not resolved!","First Login",Completed,"Client not answering (3 days)","E:""Migration_Unresolved_issue_Creditor_X_TO: new Creditor X T2 "".
E: I was trying to reach our client but there was an answered machine as dialed. 9/18/2026 1th attempt.

IF A CLIENT REACH US BACK, PLEASE EDUCATED HIM, ABOUT DOWNLOADING A LAST VERSION OF CREDITOR X iOS: V1.5.0 in order to get resolved!",,hiredexperts.atlassian.net/browse/HED-1745,
"Angela Lane",ocalderon@cordobalegal.com,2026-09-28,AT&T,CORDOBA-1214806757,Android,LG,"""Wrong credentials""",Auth/Login,"In progress","Client not answering (3 days)","O: "" Migration_Unresolved_issue_Creditor_X_TO: new Creditor X T2 ""
E: I was trying to reach our client in order to follow up, but there was an answered machine as dialed.

E: I was trying to reach our client in order to follow up, but there was an answered machine as dialed 9/21/2026",validation,,
"Jorge Molanphy",Engell.Angel@cordobalegal.com,2026-05-01,N/A,1201365623,Android,N/A,"the cx can't log into Creditor X, when hit create a account the system doesn't respond 8/6/26 Resolution:
1. I spoke with the client and we tried deleting and reinstalling the app; we attempted the first-time login, but it didn't work.

2. We went to iPhone storage, reinstalled the app (clearing the cache), and tried again, but we encountered the same error. Nothing happens when clicking ""First-time log in.""","First Login",Completed,"Resolved with cx","E: ""Migration_Unresolved_issue_Creditor_X_TO: new Creditor X T2 ""
E: I was trying to reach our client  but there was a ring not answered as dialed  Attempts, #1,  9/18/2026 Migration_Unresolved_issue_Creditor_X_TO: new Creditor X T2

E:   I was able reach our client on behalf to the following issue : “ 1th login button is not working.” .

Creditor X Old version has been uninstalled.
Creditor X New released version v1.5.1 1st has been installed.
Creditor x APP app has been launched.
Click on “ Is this your 1th login “
Setup new credentials by Client ID : 1201365623 by Forth_ CRM.
New password has been assigned.
Settings, Carrier: Tmobil.
USSD COMMAND 1# DONE. Command 1#2

(*) D not disturb when collectors agency calls.
(*) Do not disturb when creditor calls.
Allow access. + Enable blocking!
Voice mail recording : ON. Available only for the last 30 days (1 month recording, at least > 3 seconds for playback.
Educated about suggested /blocked list. (ADD) Button ). in order to blocking a single creditor phone number by sending a request to us on the app.
HOME : Call forwarding_BLOCK: ACTIVE. ().
Push notification setup (SMS /EMAIL )

App has been setup.

Solved!  9/24/2026",,hiredexperts.atlassian.net/browse/HED-1745,
"Clyde Johnson",ocalderon@cordobalegal.com,2026-07-29,Xfinity,CORDOBA-1228588587,IOS,"iphone 17 pro","cx is trying to select ""is this your first log in"" en the app wont let him go anywhere",,Completed,"Resolved with cx","O: "" Migration_Unresolved_issue_Creditor_X_TO: new Creditor X T2

E: I was able to reach  our client in order to  the following issue :  cx is trying to select ""is this your first log in"" en the app wont let him go anywhere.   (Switched_From_Dev: Completed)

-Device : Iphone 15
-Creditor X, Last version OS: *V1.5.0*  has been uninstalled.
-Internet connections: on.
-Creditor X new released version V1.5.1 has been downloaded.
• Client has already logged into the app, . 
• Carrier :Xfinity / USSD COMMAND #1 Done, push notification : Done.  
Creditor calls  blocking: Active.
Do not disturbed when creditors calls. (Inbound Call Settings)
Dot not disturb when collectors agency calls.
Call_forwarding : turned on. /Allow access
 Call_blocking: ON. Just for creditors, not personal Agenda.
Voicemail Settings/ Voice mail recording : ON. “Available for their last 30 days(1 month recording =>3 seconds.

Resolved!",,hiredexperts.atlassian.net/browse/HED-1745,
"LaFrance Carter",ocalderon@cordobalegal.com,2026-08-03,AT&T,CORDOBA-1231108753,Android,"Samsung galaxy 24","CX is trying over 2 weeks ago to add a creditor and still not able to add it, advised of the verification timeframe but since has been 2 weeks, agreed to submit escalation to check that everythig is ok with the adding blocked numbers to the app                           -After confirming the numbers with the client—1-888-470-2466 and +1-800-606-8200—only 1-888-470-2466 appears on the blocked list; the 800-606-8200 number does not appear on the blocked or suggested list.",,Completed,"Resolved with cx","O: "" Migration_Unresolved_issue_Creditor_X_TO: new Creditor X T2 ""
O: The client indicated that she is no longer receiving calls and the application is working correctly. 9/18/26","D - The indicated number has already been verified in the Admin and should be reflected in the app. Validate this with the client.",,
"Sharon D Lindsey",Engell.Angel@cordobalegal.com,2026-04-13,N/A,1204822965,Android,N/A,"Unable to access to the app since cannot create a new password, error unauthorized",,"In progress","Account Canceled","E: ""Migration_Unresolved_issue_Creditor_X_TO: new Creditor X T2 ""
E: Account was being cancelled.  9/14/2026",validation,,
"Jacqueline Gernhard",Engell.Angel@cordobalegal.com,2026-04-13,N/A,1181189492,Android,N/A,"When trying to create a new password, an error appeared saying the account already exists. I then used the phone number as the user ID and clicked “Forgot Password,” but it still said the account already exists. When I tried using the email address, it showed a “User not found” error.",,"In progress","Resolved with cx","E:""Migration_Unresolved_issue_Creditor_X_TO: new Creditor X T2 ""

E:I was able to reach our client in order to assist her with a password reset, based on Creditor X.

*Settings,
*Tap on Apps or App Management.
* Clearing cache/ Data.
*Tap Uninstall .
*Creditor X . last version last version 1.9.3 has been downloaded via google play
*Creditor X . last version last version 1.9.3 has been installed.
• Go to “Password recovery > username: “ 16812875908”. Temporary password is being sent at : jackisgernhard@yahoo.com, them go to (Username & and password ) type a temp password.
• Account has been has been setup! Password assigned.
• Enable blocking, / grants permissions is done.
• Carrier : AT&T. /
• USSD COOMMAND 1# 2# IS DONE! Did you complete ussd code : YES.
• All setup .
• Do not disturb when creditor / collectors agency: Setup.
• Voice mail recording: ON, available to play at least 30 Days (1 MONTH) recorded messages >= 3 seconds.
• Call_blocking and forwarding: Active.
• Educated about Suggested /blocked sections /add number.",validation,,
"Rosalinda Rivera",Engell.Angel@cordobalegal.com,2026-06-10,N/A,CORDOBA-1208531718,IOS,N/A,"The client does not have the First Time Login option

Answered machine as dailed.
Answered machine as dailed.","First Login",Completed,"Resolved with cx","E:""Migration_Unresolved_issue_Creditor_X_TO: new Creditor X T2 ""

O: First attempt to download the latest version ( iOS: 1.5.1.) and fix the unresponsive ""first login"" issue. 9/18/26

E: I was able to reach our client on behalf to assist her about creditor X issue:  1sth login button is not working.

Creditor X Old version has been uninstalled.
Creditor X New released version v1.5.1 1st has been installed.
Creditor x APP app has been launched.
Click on “ Is this your 1th login “

Setup new credentials by Client ID : xxxxxxxxx by Forth_ CRM.
New password has been assigned.
Settings, Carrier:
USSD COMMAND 1# DONE. Command 1#2
(*) D not disturb when collectors agency calls.
(*) Do not disturb when creditor calls.
Allow access. + Enable blocking!
Voice mail recording : ON. Available only for the last 30 days (1 month recording, at least > 3 seconds for playback.
Educated about suggested /blocked list. (ADD) Button ). in order to blocking a single creditor phone number by sending a request to us on the app.
HOME : Call forwarding_BLOCK: ACTIVE. ().
Push notification setup (SMS /EMAIL )

SOLVED!",,hiredexperts.atlassian.net/browse/HED-1745,
"Barbara Hutson",ocalderon@cordobalegal.com,2026-06-30,"Xfinity mobile",CORDOBA-1227540999,IOS,Iphone,"The client is not being able to begin her registation. When she clicks ""Is this you first time log in"" nothing happens. She already tried unistalling the appt and updating her iphone, but the issues persists.

Answered machine as dialed.
Answered machine as dialed.

Mark as unresolved, until the new version is being loaded for us to run a new trouble shoot once again.","First Login",Completed,"Client not answering (3 days)","O: "" Migration_Unresolved_issue_Creditor_X_TO: new Creditor X T2 ""

O: First attempt to download the latest version ( iOS: 1.5.1.) and fix the unresponsive ""first login"" issue. 9/18/26

E:   I was trying tor each our client in order to download a last version of creditor x for being tested with the client but there was an answered machine as dialed.    9/24/2026",,hiredexperts.atlassian.net/browse/HED-1745,
"George Cheramy",mateo.rojas@cordobalegal.com,2026-09-17,AT&T,1246896961,Android,"Samsung S24 FE","The app is not letting him go through the next step, he places his ID, SSN and DOB but there is no button to continue","First Login / Settings",,"Client not answering (3 days)","O: Unable to reach the client, VML. 9/17/26

E: Ring not answered as dialed. 9/21/2026

O: Unable to reach the client, VML. 9/25/26",,,
"Denise Boudreau",rosbelym@cordobalegal.com,2026-09-16,Verizon,CORDOBA-1175253551,Android,"Samsung Galaxy X21FI5G","Is not allowing yo receive voice mails after set up the apps.",Setup,,"Client not answering (3 days)","O: Unable to reach the client, VML. 1st attempt: 9/16/26
E: I was trying to reach our client but there was an answered machine as dialed.  9/17/2026",,,
"Alicia Bernhardt",Luis.Agramonte@cordobalegal.com,2026-09-16,Xfinity,CORDOBA-1245078027,IOS,"Iphone 7","When client clicks on ""is this your first login?"", it does not do anything. Hyperlink does not work.",,,"Resolved with cx","E: Client has told we will reach her back after  4:00PM   9/17/2026
E: Ring not answered as dialed, second attemps at 5:00PM
E: Ring not answered as dialed  2 attemps peer client request.
E: I was able to reach our client,  she has told us, the app is currently working right now!  9/18/2026",,,
"Bonnie Mcclendon",rosbelym@cordobalegal.com,2026-09-17,At&T,1235963297,Android,N/a,"It is Showing wrong  Credential",Auth/Login,,"Client not answering (3 days)","O: Unable to reach the client, VML. 9/17/26
O: Unable to reach the client, VML. 9/25/26
E: Client has told us, we will reach her back on  9/29/2026 at morning.
E: Ring not answered as dialed  9/29/2026",,,
"Muriel Mitchell Lawrence",rosbelym@cordobalegal.com,2026-09-17,At&T,1213663801,IOS,"iphone 16 plus","Still receiving calls for 866-491-7864 NORDSTM/TD",,,"Resolved with cx","O: I explained to the customer that a request had been made to block the number, and that once it was blocked, she would be able to see it in the ""Suggested"" list where she *could* block it without any problem.",,,
"Philip Dodd",rosbelym@cordobalegal.com,2026-09-17,verizon,1250555253,IOS,"iphone 16","Still receiving calls","Blocked List",,"Client not answering (3 days)","O: unable to reach the client, VML. 9/17/26
O: unable to reach the client, VML. 9/24/26
O: unable to reach the client, VML. 9/25/26",,,
"Kirsten Laytos",Diego.Reyes@cordobalegal.com,2026-09-16,T-Mobile,1243777872,IOS,"iphone 15","cx  try to  login for first time app infomr  that  user  is already created  cx try to  use login  credentials  nbut show as incorrect and app not show forgot password option",,,"Resolved with cx","E: Tickets has been returned, because of non certain information,  agent may need to run a basic trouble shoot guide to get them resolved.  9/17/2026

E: I was able to reach our client, we performed a test  by updating her personal data on forth_ CRM such as her contacting number as duplicated fields.    Client has told us, she used to login on the app before.

 ERROR DATABASE ON FORTH + API CLUSTERS with the client data.

internal_failure_autentications_LOGIN_DATABASE

Routed to TR3.


E: I was trying to reach our client but there was an answered machine as dialed.   9/23/2026 1th attempt.

E:I was able to assist our client regarding to login failures for a password recovery.

Creditor X last version has been installed.
Click on password recovery .
Recovery email : kirstenrt1@gmail.com +
username: kirstenrt1@gmail.com + temporary password was being sent to her inbox.
Settings

(*) D not disturb when collectors agency calls.
(*) Do not disturb when creditor calls.

Home: Call_forwarding/blocking : Active.
I have sent a Video guide about Creditor X as well.

Solved!  Client is happy!  9/24/2026",,,
"Elizabeth Blacker",juan.gonzalez@cordobalegal.com,2026-09-16,Visible,1248759429,Android,"Samsung s25","Client says that her friends are not allow to leave voicemails. She confirmed that it is going directly to the vm in the creditor x app",Setup,,"Resolved with cx","E:I was trying to reach our client but there was a ring not answered as dialed.  9/17/2026

E: Client was educated, please Dial “  ##21# in order to disable call forwarding  or even  dial  ##004# as well.     DONE!   It works! Call forwarding went into the original setup based on Her regular phone number DID : 775-537-7564   Creditor x Has been working..",,,
"Michele Garrigues",Luis.Agramonte@cordobalegal.com,2026-09-16,"Consumer Cellular (with At&t)",CORDOBA-1248635436,IOS,"Iphone 17E, and her software is the 26.6.2","The client clicks on ""is this your first login"" and it does not do anything. She uninstalled it and installed it again and yet the issue remains.","First Login",,"Client not answering (3 days)","E: I was trying to reach our client but there was an answered machine as dialed.   9/17/2026
E: I was trying to reach our client but there was an answered machine as dialed.   9/17/2026

IF A CLIENT REACH US BACK PLEASE EDUCATED TO DOWNLOAD OUR LAST VERSION OF CREDITOR X BY SENDING AN EMAIL VIA FORTH_CRM to get them resolved!",,,
"Leesa Jiles",Alex.Consuegra@cordobalegal.com,2026-09-16,AT&T,CORDOBA-1248694702,Android,"Samsung S24 Plus","Cx requested for a phone number to be blocked and then she received an email saying the number 770-214-1244 has been verified and the number was rejected. Cx wants to know why it was rejected.",,,"Resolved with cx","O: I explained to her that we have had some issues with the platform, and once it is resolved, it will be blocked. NFQ. 9/16/26

O:I confirmed with her that the requested number has been successfully blocked in our system. NFQ 9/17/26",,,
"Alexis A Reding",Diego.Reyes@cordobalegal.com,2026-09-16,xdinity,1246534891,Android,"Samsung Galaxy S24 Ultra","client  try to  login for  fist  time but  in the  section  to  type  date of  birth  every time client  put  info  box  still empty  and not  let him  fill boxes  wit day month and year",,,"Resolved with cx","O: Resolution:
-  Android: 1.10.0 installed
- We got the font size smaller: Phone settings > Display> Font Size >
Once we had the font size smaller, the client was able to fill in all the information without any problem.

- USSD command sent successfully
-Settings:
*Do not disturb me with creditors calls.
* Do not disturb me with collection agency calls.
* VM recording.
*Push notifications.

** call forwarding showing green and active **
Resolved with the client!!",,,
"Katrisha Balsamo",Esnaider.Garzon@cordobalegal.com,2026-09-16,Verizon,1242496105,IOS,"iphone 14","She is not being able to create her account nothing happens. When she clicks the first time log in nothing happens","First Login",,"Client not answering (3 days)","E: I was trying to reach our client but there was an answered machine as dialed 9/16/2026
E: I was trying to reach our client but there was an answered machine as dialed 9/17/2026
E: I was trying to reach our client but there was an answered machine  as dialed.  9/24/2026",,,
"Equanna Westbrooks",rosbelym@cordobalegal.com,2026-09-16,At&t,CORDOBA-1244926612,IOS,"Iphone 17","Still receiving calls","Blocked List",,"Client not answering (3 days)","O: Unable to reach the client, VML. 2nd attempt: 9/16/26

E: I was trying to reach our client but there was a ring no answered as dialed. 9/17/26
E: I was trying to reach our client but there was a ring no answered as dialed. 9/24/26",,,
"Suzanne L Mckibben",jnunez@cordobalegal.com,2026-09-15,Verizon,1219251779,IOS,"iPphone 15","Client trying to add phone number 877-265-9912 / 877-255-5923 and it doesnt allow to be added. App says it wouldnt accept these phone numbers.","Blocked List",,"App uninstalled","E: I was trying to reach our client but there was an answered machine as dialed  9/16/2026
E: Ring not answered as dialed.  9/17/2026
E:Ring not answered as dialed.  9/17/2026
E: Client has told  us, she has got out of the app, does not wants to be assisted. 9/18/2026",,,
"Freida J Stovall",ocalderon@cordobalegal.com,2026-06-19,"METRO BY TMOBILE",CORDOBA-1215262720,Android,N/A,"METRO BY TMOBILE",,,"Account Canceled","O: "" Migration_Unresolved_issue_Creditor_X_TO: new Creditor X T2 ""
E: Account cancelled 9/14/2026",validation,,
"Roxanne Spille",Saray.Beltran@cordobalegal.com,2026-09-15,Verizon,1239922944,IOS,"Iphone 17","she already updated the app but she keep getting calls from the same phone number she already block 5133530941 EAGLE LOAN",,,"Resolved with cx","E: I was able to reach our client on behalf to the following issue :
“ she already updated the app but she keep getting calls from the same phone number she already block 5133530941 EAGLE LOAN”.
Admin_panel: not in services. Due to non secure SQL  servicing.
Last call : 9/15/2026 at 6:00pm from : 5133530941
Creditor X APP has launched At the last version : Android: 1.10.0 released.
APP ID task, “End process “ / Tap : Creditor X / Restarted app and launched.
-Settings: Carrier : Verizon.
• USSD command #1 has been configured. “Up/running.
• Inbound call settings:
(*) D not disturb when collectors agency calls.
(*) Do not disturb when creditor calls.
* pIS

-Voice mail recording : turned on. Available for playing at least 30 days of voice mail database recorded messages, at least > 3 seconds.
-Home: Call blocking and forwarding_ Active.
Blocked/ suggested list “ Bring educations about how to switched a number from the suggested list.
-Push notifications setup by email/SMS, “Client preferences, or even it will be disable as well, but non notifications will be sent to the clients
-Email has been sent about how to setup creditors X due to any further cases.

Solved!",,,
"Jennifer Thompson",robertc@cordobalegal.com,2026-09-15,"T mobile",CORDOBA-1241733985,IOS,"Iphone 17","when selecting is this you first login the app don't move forward.",,,"Resolved with cx","E: I was trying to reach our client,  due to the following issue ""  First time login Option is not working"", but there was an answered machine as dialed.  9/16/2026

E: I was able to reach our client in order to assist her with a password reset, based on Creditor X.

Creditor X . last version last version 1.9.3 has been downloaded via  APP_STORE.
Creditor X . last version last version 1.9.3 has been installed.


I was able to reach our client on behalf to the following issue “ when selecting is this you first login the app don't move forward.” .

Creditor X old version has been uninstalled.
Creditor X last recent versions iOS: V1.5.0 has been installed.
Software Version: 26.6.2
Wifi on
Open the Settings app./ Tap Display & Brightness
Choose Larger Text (Zoomed) or Default (Standard)
Scroll down and tap Display Zoom.
Contact Updated (Form) on Forth_ CRM, Work Phone /918-815-0952
Creditor X has been reloaded.
Clock on “Is this your 1st login ”, By entering (ID) : 1241733985
Done! “Account has been setup “
Carrier : AT&T
USSD Command #1 #2 Done!
Call_blocking_forwarding: Active.
Enable blocking
(*) D not disturb when collectors agency calls.
(*) Do not disturb when creditor calls.
Voice mail recording : ON () Available only, for their last 30 days (1 months )recorded messages > = 3 seconds only.
• Push notifications turned on :
•
App is currently setup .

Resolved!",,,
"Dwayne Young",juan.gonzalez@cordobalegal.com,2026-09-15,T-Mobile,1240913206,IOS,"iPhone 15 pro max","Forgot his password, he received the email with the temporary password but when he try to use his email and the temporary passwords it says ""Login Failed""",,,"Resolved with cx","Resolution:
- When he tried to introduced his email as username he got "" user not found ""
- Cache deleted: General> iPhone storage> creditor X> offload > reinstall app
-We tried again with his email. He received the email with the temporary password.
- A new password was assigned to his account!!

- The USSD command was successfully sent.
-Setting configured:
*Do not disturb me with creditors calls
*Do not disturb me with collection agencie calls
*Push notifications
*VM recording

Resolved with the client!!!",,,
"William Sharp",Daniel.Velasquez@cordobalegal.com,2026-09-15,"T- Mobile",1240588045,IOS,N/A,"Cx wanted to be help adding a creditor (Reach Financial)  in the application of creditor X. App shows a pop up to call us to resolve the issue.","Blocked List",,"Client not answering (3 days)","O: Unable to reach the client, VML. 1st attempt: 9/15/26

E:  I was trying to reach our client bu there was an answered machine as dialed   9/15/2026

O: Unable to rech the client, VML. 2nd attempt: 9/16/26
 I was trying to reach our client bu there was an answered machine as dialed   9/15/2026",,,
"Patrick Oshea",Ronald.Lara@cordobalegal.com,2026-09-15,Comcast,1237816122,Android,"Samsung a14","Creditor X is not blocking calls from Chase, client was trying to add those numbers to the app since Sep 3rd. It always says that number is under review and now, almost half month later has not.
866-965-9305   800-710-1892","Blocked List",,"Resolved with cx","O: Those two numbers are confirmed as blocked in the system and should appear under 'Suggested.' The client must block them manually. If they are missing from the 'Suggested' section, please escalate.

O: Unable to reach the client, VML. 1st attempt: 9/ 15/26

E:I was able to reach our client on behalf to assist him about the following issue “ Creditor X is not blocking calls from Chase, client was trying to add those numbers to the app since Sep 3rd. It always says that number is under review and now, almost half month later has not.866-965-9305  800-710-1892.
AT:September 2th 7:07PM. It was being Requested for being block on Creditor X APP back on September 1th,. Meric bank 800-253-2322 whose has been turned on, under review.

Currents status : Under review “ .
App version : Android: 1.10.0 /
Device: Samsung A 14

Creditor X has been launched Up/running.

Inbound call settings,

• Do not disturbed when creditors calls. Active
• Dot not disturb when collectors agency calls. Active
• Forward only if I am denying the call or not answering.
• Block /Suggested List (+) Listed numbers: They are not located on it.
Home : Call_forwarding/ blocking : Active. Green Circle. Alll features are being setup.

AD_Panel, is not working, unable to filter via data_base, routed to “ DEV.” Follow up, otherwise Our client has sent a request running the Event (ADD Creditor ) via blocked sections on the app, it says
under review, but there is nothing shows up on Admin Panel. We tested with some numbers they used to be displayed into the database, but there is nothing shows up. “Posible SQL Error data.

E: I was able to reach our client in order updated a creditor X last version *(1.11.0)*  released  for android.

Suggested creditors  numbers were being  added (+) into the blocked list.
Creditors numbers:    866-965-9305  * 800-710-1892 are being blocked into our database,   make sure all of those numbers are being blocked on the app as well.   Inbound call settings is property setup as well.

Resolved!",,,
"Murray Richards",Richard.Heredia@cordobalegal.com,2026-09-14,T-Mobile,1243826122,Android,"Samsung galaxy 5","user not found, we tried to reset password but did not work",Auth/Login,,"Client not answering (3 days)","O: Unable to reach the client, VML. 1st attempt: 9/15/26

O: Unable to reach the client, VML. 2nd attempt: 9/16/26

E: I was able to reach our client on behalf to assist him about “ USER NOT FOUND “

Creditor X last version : Android: 1.10.0 has been installed. Error message:
“You have already login “.
Tap: Password_Recovery
User: 219-512-4611 Recovery email: richardsmurray56@gmail.com , temporary password has been sent to his inbox. A new temporary password will be generated again,within the next 6 minute for a second attempts.

When entering her temporary password, it has been routed to the 1sth login (Form) requesting his ID once again, when completed all the info it says, You are Already login “. .
w
Username / temporary password has recovered! But
When hit login /password, by entering all their valid credentials,
it goes to the 1st login (Form) over again, > saying: You are Already login “.

Last version : Android: 1.10.0.
Routed to DEV, There is a Logical conditions found at the user Framelayout. Still follow up. 9/18/2026

E:  Ring not answered as dialed  9/23/2026  1th attemp.
E:  I was able to reach our client but he has told us, I wil reach him back at  4:00pm  tomorrows  9/24/2026 .

E: ring not answered as dialed  9/25/2026",,,
"Vernon Alan Lovejoy",robertc@cordobalegal.com,2026-09-14,Verizon,CORDOBA-1243614691,IOS,"Iphone 15","when selecting is this you first login the app don't move forward",,Completed,"Resolved with cx","O: Resolution:
-Creditor X has been installed.
-""Is this your first log in"" remained unresponsive.

-Creditor X Offloaded; cache cleared and reinstalled.
-Safari updated.
-Safari data and history cleared
-""Is this your first log in"" remained unresponsive.

 -Switched to Mobil data instead of WIFI.
- "" Is this your first log in"" remained unresponsive


E: I was able to reach our client in order to fix the issue when password recovery,  it has been setup.

• Click on Passwrod recovery,    
• Recovery user : alan3_lovejoy@msn.com  Recovery email : alan3_lovejoy@msn.com
-New password has been setup.
• All features were being setup on creditor X
• Push notifications setup. 
• Suggested numbers  'ADD ALL  +"" 
• Callblocking_forwarding : Active. 
Solved!!",,hiredexperts.atlassian.net/browse/HED-1745,
"Denise Moroney",jnunez@cordobalegal.com,2026-09-14,T-Mobile,"Customer ID: 124173914991",Android,"GALAXY S 6","Client wants to stop using the creditor X app from blocking her calls but cannot do so, Client has had this issue since the last two weeks.",,,"Resolved with cx","Resolution:
-Dialed ##002# and *#21#
- I called her back and left a VM as a test.

Resolved with the client!",,,
"Susan M Nickles",Christiam.Vera@cordobalegal.com,2026-09-14,Verizon,CORDOBA-1221466129,Android,"Samsung Galaxy S325","Customer can not set up creditor x app, we did basic troubleshooting but issue persist",,,"Resolved with cx","E: I was able to reach our client back in order to assist her about creditor X issue :” Customer can not set up creditor x app, we did basic troubleshooting but issue persist “

-Creditor X old version has been installed.
-Creditor X Last version Android: 1.10.0 has been installed via google Play.
Hit password : Try: susannickles1949@gmail.com, temporary password reply to : Try: susannickles1949@gmail.com
Setup Her own password in.
Access warranty !
New password has been assigned.
Click on Login /password to get done!
Setttings / Carrier : Verizon, Reset performed!
USSD Command #1 #2 does not works.
Airplane mode turned on at least 10 seconds.
I was trying to reach our client but there was an answered machine as dialed.

E: I was able to reach our client  but she has told us, there is nothing relate with the APP, its something  wrong with her Carrier,  once she  has replaced her phone, she will get in touch with us.   9/15/2026",,,
"George Cheramy",sebastian.zapata@cordobalegal.com,2026-09-14,AT&T,CORDOBA-1246896961,Android,"Samsung S25","Tried to set up the account the CX but when he confirms his USER ID, last 4 of the SSN and his date of birth the button ""confirm"" doesn´t appear so the CX can´t continue with the register.",,,"Client not answering (3 days)","E: I  was trying to reach our client but there was an answered machine as dialed.   9/14/2026
E:    I was trying to reach our client but there was an answered machine as dialed  9/15/2026
E: I was trying to reach our client but there was an answered machine as dialed  9/16/2026",,,
"James A Faggart",Engell.Angel@cordobalegal.com,2026-06-18,"Consumer Cellar",CORDOBA-1216028581,Android,N/A,"At first the client was not receiving the 4 digit code to the email nor the text message in order to set up the app. Client uninstalled the app and installed it again and when he tried to create the account, the app said that he already has an account. When he input the user name and password, there is no login button for the client to click on.

I was able to reach our clients back in order to provide such as Creditor X APP SUPPORT, relate to the following error “ At first the client was not receiving the 4 digit code “

Networks: COMSUMER CELULAR
Device: SAMSUNG GALAXY a16
Old version of Creditor X was being removed from his phone..
Play store library: Cordoba_Creditor X APP. Last version : V1.5.0 ANDROID. Has been downloaded.
Creditor X APP has been installed at the last version up to date!

-Messages displayed after new registrations form :
-You have already logged into the app before “..
-Command : Password recovery with His Cordoba ID :1216028581 Temp, password was being sent
to his email : jagg234@gmail.com

Error “ User not found “ .
-Login Failures, enter username and password are incorrect.

-Please uninstalled the app/installed.
Temporary password : b1934a86

But it does not works. Triage to review.",,Completed,"Client not answering (3 days)","E:""Migration_Unresolved_issue_Creditor_X_TO: new Creditor X T2 ""
E:    Ring not answered as dialed  9/24/2026",,hiredexperts.atlassian.net/browse/HED-1745,
"Sandra Jordan",Maria.Cortes@cordobalegal.com,2026-09-24,AT&T,CORDOBA-1255019318,Android,"Samsung S25","Does not let her continue or confirm to keep going with the process after place dob, ID and 4SSN, but the information is correct on file, an SS has been sent by the cx.",,,"Resolved with cx","O: Resolution:
-Last Vs for android installed
- I guided the customer to reduce the font size: Settings > Display > Font size and style.
- Once the text size was reduced, the customer was able to see the ""confirm"" button and complete the process without any problem.
- Call forwarding  showing active and green.

Settings configured:
*Do not disturb me with creditors calls.
*Do not disturb me with collection agency calls.
*Push notification

*VM recording On

Resolved with the client!!",,,
"Jeffrey A Cunningham",Christian.Patarroyo@cordobalegal.com,2026-09-24,AT&T,1248060363,Android,"Samsung Galaxy 26","Client is not able to move forward beyond the account information window. client entered his user ID, last 4 ssn, and DOB but there is no option to move forward. Client uninstall and install the app but the issue still remained.",,,"Resolved with cx","O:Resolution:
-Last Vs for android installed

* I guided the customer to reduce the font size: Settings > Display > Font size and style.
* Once the text size was reduced, the customer was able to see the ""confirm"" button and complete the process without any problem.
* Call forwarding showing active and green.

Settings configured:
Do not disturb me with creditors calls.Do not disturb me with collection agency calls.
Push notification
VM recording On",,,
"Mike Kennedy",Valentina.Lavelez@cordobalegal.com,2026-09-11,Verizon,1241733471,Android,"samsung s25 +","customer contacted us concerning that he is having issues accessing on CreditorX it is requesting for a User ID, we give to the customer his ID, after that, he said that he chooses email and also phone nunber and it doesnt light up.",,,"Resolved with cx","E:I was trying to reach our client but not-body has answered the phone jet. 1st attempt: 9/14/26

O: CL Was able to set it up successfully, NFA. 9/15/26",,,
"Carolyn Bienemy",Catalina.Garzon@cordobalegal.com,2026-10-02,"T mobile",CORDOBA-1221492996,Android,Motorola,"Cx doesn't recall completing the set up. However when she clicks on is this your first login she get the message that she has already created her credentials. Cx tried to recover her password but it is not sending the email with a temporary password or gets an error.",,,"Resolved with cx","O: Resolution:

-We followed the password recovery password successfully.
-She was able to to receive the temporary password and create a new password without inconveniences.
- Once we signed in to the account we completed the remaining steps.

- We properly configured the settings:
*Do not disturb me with creditors calls.
*Do not disturb me with collection agency calls
* Vm recording.",,,
"Gary Woolf",jaquino@cordobalegal.com,2026-10-05,T-Mobile,CORDOBA-1248828156,Android,Samsung,"Trying to create a password but when is tapping the ''Done'' button is not doing nothing",,,"Client not answering (3 days)","E:I was trying to reach our client on behalf to the following issue “Trying to create a password but when is tapping the ''Done'' button is not doing nothing”, but there was an answered machine as dialed.

E: I was trying to reach our client but there was a ring not answered as dialed. 10/07/2026.",,,
"Tiffani Toberman",Juanita.Rodriguez@cordobalegal.com,2026-10-05,AT&T,CORDOBA-1245884660,Android,"Samsung  AV Fold 6-7","She can not add all the phone numbers from the creditors.",,,"Resolved with cx","E:I was able to reach our client in order to assist her about how to blocks a number from he suggested list, but she has told us, We will reach her back tomorrow at 10:00AM 10/6/2026

E:I was able to reach our client on behalf to the following issue “She can not add all the phone numbers from the creditors. ” .

-Launch Creditor X
-Device :Samsung galaxy Z fold.
-Client was educated, about the suggested list (+ ) where she will add, all numbers for being located at the blocked list, when tap on it from each or all incoming creditors calls, however she will go to click on “ADD” Button located at the blocked tab, such as including the name of the bank/telephone numbers, it will takes at least 24/48 hours hours just to confirm if a number will be rejected or blocked.   10/06/2026

Solved!",,,
"Bertille Pierre",rromero@cordobalegal.com,2026-10-03,T-Mobile,CORDOBA-1209631958,Android,"Client was unable to provide the name of the brand","App is requesting verification code when client is accessint to ""Is this your frist login?""; 4 digit code send does not match.",,,"Account Canceled","E: I was able to reach our client in order to assist about the following issue ""  Every time he open it get closed immediately. has already re-install it and does not work.""     Client has told us, she has  cancelled the account.",,,
"Claude Gunn",Isabella.Riveros@cordobalegal.com,2026-10-05,T-Mobile,CORDOBA-1253275568,IOS,"iPhone 15","Hi team, 
Cx is having issues with the USSD command, the phone is showing an error as soon as they try to send the code. Cx believes is because they are not the primary user on the family plan with T-Mobile, can you please help us with this matter? Thanks in adavance!",,,"Resolved with cx","O: Unable to reach the client, VML. 10/05/26
E:  I was able to reach our client about teh USSD Commands whose not working property when sending an ussd command via Creditor X APP. Sending a code.

Device: iPhone 15
-Creditor X old version iOS: V1.5.0 has been uninstalled.
-CreditoR X last released version v1.5.1 has been downloaded/installed.
• Cordoba Creditor X has been launched on his phone.
• User not found when login / Password recovery method is done. 
• Username:14342296645 Temp “5fd7963f “ 
• Set a new password. 
• New password has been assigned. 
• Client has been successfully logged in. 
• Creditor_x > Settings : Carrier : T-Mobile 
• USSD COMMAND :1#
• Enable blocking (Creditor X APP ) : at the phone Settings. 
• Push notifications : Email/SMS.  (X)
• Suggested all  number by clicking on (+) , they have moved on into a blocked sections, however he will add (ADD) a creditor name/phone number manually, it may takes at least 24/48 hours. 
• Inbound call settings is being setup. 

Resolved!",,,
"Will Smith",Josias.Campusano@cordobalegal.com,2026-10-03,T-Mobile,1241066874,Android,"Samsung Galaxy S 21","customer not able to see voicemails , I told him to download the new version but is not working",,,"Resolved with cx","O: Unable to reach the client, VML. 10/05/26

I was able to talk with the client relate to their voice mail issues, whose situations had fixed! by letting him knows,we had updated our voice mail database, so that he will try no, getting more voice mail so them will be now able to play!   We have found some issues at the OLD  version for non playable messages, but now it has been working property and sync with the Creditor X APP.
  Creditor X >  Settings: Voice mail recording : OFF/ ON, Make sure, features such as :
Inbound call settings :

*Do not disturbed when creditors calls.  X
*Dot not disturb when collectors agency calls. X

• Forward only if I am denying the phone or not answering, it does not need to be check,  by check mark this one, non voice mail wont be saved into his voice mail sections  just redirected only, (NOT ENABLE IS THE BEST RECOMMENDATION).
E:Please erased all of those voice mail recorded,  started  recording at the new configurations provide, therefore if there is any issues relate with the voice mail, please contacting us for us to verify if it still the same, in order to verify whats seems to be the trouble into our voice mail data base.
We had performed a test  by ending the call, educating the client to play,   I was able to reach him back once again.

Client has told me, Voice mail messages are now working as client  has confirmed us, many of them were able to playback!

E:Make sure, regular voice mail from his contact agenda, is not included into his creditors voice mail database, its is only for creditors voice mail  being developed.

Solved! Client is happy! :stars:   10/7/2026",,,
"TOBY SMITH",Dilan.Riascos@cordobalegal.com,2026-10-03,Verizon,1249617497,IOS,"Iphone 16 Pro Max","Client can not log on with User ID number",,,"Resolved with cx","O: Resolution
-We followed the steps for the first login successfully.
-2 USSD commands completed.
-Call forwarding active and green.
-Settings:
*Do not disturb me with creditors calls.
*Do not disturb me with collection agency calls.
*Push notifications.
*VM recording ON.

--Resolved with the client!--",,,
"RICHARD WALKER",Mateo.Rivera@cordobalegal.com,2026-10-02,"T mobile",CORDOBA-1219731983,Android,"S22 Ultra - Samsung","The app is blocking all the contacts from the client and his family members are not being able to call him. Even after deleting the app and installing it again. The app doesn't show the option to remove the family members from the blocked list",,,"Resolved with cx","E: I was able tto reach our client on behalf to the following issue :

The app is blocking all the contacts from the client and his family members are not being able to call him. Even after deleting the app and installing it again. The app doesn't show the option to remove the family members from the blocked list

Device : S22 Ultra.
*Internet ON, / Signal conection : Full..” T mobile >*
Creditor X old version has been uninstalled v1.11.0
CreditoR X new released version has been installed v1.11.0. (Play_store_library)
Phone key pad = Please Dial “ ##21# in order to disable call forwarding or even dial ##004# as well.
I have made a test call a test call at the line #2 “ # 646-657-6443 “ Fixed!
Go to creditor X : APP ,. username / Password.
rasta144.rw@gmail.com : Password : Done!
USSD #1 IS DONE.
Grand permit ions : YES. “Creditor X /Set as default app.
Home settings: Call forwarding_blocking: ON. (Green color ) Active...
Ringing 5x seconds attempts x 15 seconds forwarded to : 120 ext invalid,
Tap: “ ##21# “Please leave a messages from Richard Walker! “ Fixed!

(*) D not disturb when collectors agency calls.
(*) Do not disturb when creditor calls.
Creditor x Home (Call_forwarding_ blocking: Active.
• Push notification: ON.
• Voice mail recording is on :”. > 3 seconds to play last 30 days.
Test call was being made on his phone, Inbound call settings were being setup without any troubles!

Client is happy!
Solved!   10/2/2026

E:  I was able to reach our client
Phone key pad = Please Dial “ ##21# in order to disable call forwarding or even dial ##004# as well.
I have made a test call a test call at the line #2 “.
Settings, Inbound call settings :

*Do not disturbed when creditors calls. X
*Dot not disturb when collectors agency calls. X
Voice mail recording : ON.
 Push notifications : SMS. /EMAIL.
However if there is any other issue relate with the USSD commands, please get in touch with his Carrier.

Forward only if I am denying the phone or not answering, it does not need to be check, by check mark this one, non voice mail wont be saved into his voice mail sections just redirected only, (NOT ENABLE IS THE BEST RECOMMENDATION).

He will go to (ADD) by adding a manually creditors name/number to block, it will takes at least 24/48 hours. just to confirm if it could be rejected or blocking from our database.
Solved!   10/2/2026",,,
"Valorie Maultsby",Daniel.Velasquez@cordobalegal.com,2026-10-02,AT&T,1237019872,IOS,"Iphone 17","Cx was having issue with teh username and the password when she try to login into the app (creditor X)",,,"Client not answering (3 days)","E:I was trying to reach our client but there was an answered machine as dialed   10/2/2026
E:I was trying  to reach our client but there was an answered machine as dialed 10/6/2026",,,
"Terry Stewart",Laura.Arciniegas@cordobalegal.com,2026-10-02,Spectrum,CORDOBA-1250818649,IOS,"Iphone 14 plus","Cx unable to login ""Associated phone number missing from external data""",,,"Client not answering (3 days)","O: When the first login cannot be generated and we receive this error alert: *""Associated phone number is missing from external system data""*, it is because the user does not have the Work phone or Cell Phone section filled on FORTH'S CRM.

O: Unable to reach the client, VML. 10/2/26.
E:I was trying to reach our client but there was an answered machine as dialed  10/6/2026",,,
"Edwin Oliver",Sharon.Amado@cordobalegal.com,2026-10-02,AT&T,1248619145,Android,"S22 Galaxy Ultra","Client is trying to set up his account, but when filling the User ID, last 4 of SSN and DOB it doesn't show him an option to move forward, client tried to scroll down/up and zoom out, but it still doesn't appear.",,,"Resolved with cx","E: I was trying to reach our client but there was a ring not answered as dialed 10/2/2026
E: Our client has reached us back, by saying the app is working now.",,,
"April Lyman",Silvana.Rendon@cordobalegal.com,2026-10-02,Verizon,1249613591,IOS,"Iphone 16 Pro","The Cx is having issues reporting UPST/ALLIANT phone that it says that the number is under review even though you have being reporting the number.",,,"Resolved with cx","E:I was able to reach our client on behalf to the following issue “The Cx is having issues reporting UPST/ALLIANT phone that it says that the number is under review even though you have being reporting the number. ”.


	-Device i Phone 16 PRO.
• Call forwarding_blocking : Active (Green color circle)
• Settings : Inbound call settings ( )
• Suggested list (+) Capital 1 (is now blocked)
• incoming calls from : UPST/ALLIANT 12292106833 8:21AM Today :
Admin_panel database : 12292106833 Is blocked, Creditor MNSVFCU/UPST. It has been internally blocked. Request was being sent BY : Creditor X endpoint.
•
• • Open the Phone app.
• Tap Recents or Call history.
• Tap the call from the number 12292106833
• Select Block.

Resolved!",,,
"Keith Harris",andres.quiroz@cordobalegal.com,2026-10-01,AT&T,CORDOBA-1249489037,IOS,"Iphone 17","Client tried to login the app but ¨wrong credentials pops up¨ could you please review, I tried to assist him but same error appears.",,,"Resolved with cx","O: Resolution
 -We followed the password recovery steps successfully.
-New password has been assigned to the account.
- Once the client was able to log in, we went to to settings and confirmed that everything was configured properly:
*Do not disturb me with creditors calls.
*Do not disturb me with collection agency calls.
*Push notifications.
*VM recording.

--Resolved with the client--",,,
"Tim Bosley",Dana.Rojas@cordobalegal.com,2026-10-05,"Mint mobile",CORDOBA-1222266348,Android,"Nubia RedMagic 7 Pro","Cx mention that he can't hear his voicemails and his getting an error, a call was made but he's waiting for a new call",,,"Resolved with cx","O: I explained to him that the reason ""VM corrupted"" was appearing was that those files had no content. Client understood, NFA.",,,
"Brian Estochin",Laura.SilvaM@cordobalegal.com,2026-10-01,AT&T,1244902477,IOS,"IPHONE 17 PRO MAX","The client is trying to sign in to his CreditorX application but it does not allow him, it shows an error and he is not able to reset his password.",,,"Client not answering (3 days)","O: Unable to reach the client, VML. 10/1/26
E: I was trying to reach our client relate to her authentication failures error, but there was an answer machine as dialed. Please educated the client to download our creditors X  last released version iOS: *V1.5.1, we had fixed some troubles founds on the app, for authentications purposes to fix the issues. Best Regards !*  :dizzy: *10/6/2026*",,,
"John W Loggins Sr",samuel.angel@cordobalegal.com,2026-10-01,Verizon,1250780016,Android,"Samsung galaxy 22","cx is doing the first log in, however system responds wrong credentials i tried using both  IDS but it did not worked",,,"Client not answering (3 days)","E: I was trying to reach our client in order to assist him about the foll-wing issue ""cx is doing the first log in, however system responds wrong credentials i tried using both IDS but it did not worked"" but there was an answered machine as dialed.  10/2/2026

E: I was trying to reach our client in order to assist him about the foll-wing issue ""cx is doing the first log in, however system responds wrong credentials i tried using both IDS but it did not worked"" but there was an answered machine as dialed.  10/06/2026",,,
"Barbrajean Washington",Mateo.Rivera@cordobalegal.com,2026-10-01,T-mobile,CORDOBA-1245847777,Android,"Samsung S24","Client's email under creditor X is still showing as the old email and not the one on file, with the phone number it just keeps loading and nothing happens. She already tried uninstalling the app and installing it back.",,,"Resolved with cx","E: I was able to reach our client back on behalf to the following issue:
Client's email under creditor X is still showing as the old email and not the one on file, with the phone number it just keeps loading and nothing happens. She already tried uninstalling the app and installing it back.

Creditor X last released version 1.11.0
1th login has been done. ID: 245847777
Setup new credentials, USER: jeano531@yahoo.com
New password has been assigned.
trigger Contact Updated (Form) executed Trigger (GET/Post ) on forth_ CRM. Force to remove “Gmail.com domain out of the database file SQL ”
: Worker result SUCCESS for Work [ id=44fe9106-b2bf-4517-8ec4-4230e9e21407, Generated key.
: Authentication has been done (Credentials was being fixed) Client setup her own password.
- Settings : Carrier. T_MOBIL.
• USSD : COMMAND#1 IS DONE!
•  Do not disturb when creditors/collectors agency.
• Turned on : Voice mail recording available to play > 3 seconds, 1th/30 days. 
• Home tab / Call blocking_forwarding : Active. 
• Push notifications on “ “Email/SMS”. 
• Block (Suggested list (+)).
• App has been setup! 

Solved!",,,
"ADRIENNE FUNCHERS",rosbelym@cordobalegal.com,2026-10-01,"Metro by T-Mobile",CORDOBA-1244230157,Android,"(Motor 5G): Motorola","Client state she is getting an error Connection problem or MMI error code.",,,"Client not answering (3 days)","O: Unable to reach the client, VML.10/2/26
O: Unable to reach the client, VML. 10/02/26

E: I was trying to reach our client on behalf to the following issue
 "" MMI"",  regarding to the USSD Commands based on  T_MOBIL networks, but there was an answered machine as Dialed 10/6/2026

E: If our client reach us back, please provide the following solutions to fix the issue :

 Relate to this issues this is an internal issues caused by the Networks/Antennas from TMOBIL, whose not Provisioned with our clients cellular connections for non sufficient  signal  at his current locations where she has stayed, otherwise  Our client may need to turned off his phone into an airplane mode for about  15 seconds then try again by just sending the USSD command  Via Creditor X APP, if the issues persist' Its time to educated our client to get in touch with her network provider due to a  ""network  outage.  ""

Follow up.",,,
"Rebecca Seigley",rosbelym@cordobalegal.com,2026-10-01,Verizon,CORDOBA-1252083695,IOS,"Iphone 14 Pro","you need to get in contact with carrier to get the Ussd commnad to redirect the call",,,"Client not answering (3 days)","E: I was trying to reach our client on behalf to the following issue ""Ussd command to redirect the call "".    But there was an answered machine as dialed.

E: Actually we have still  experiences an issue relate with the ""Verizon ""networks, whose USSD COMMAND  is not working, at this point our client may need t get in touch with his network provider bring about it, or even try within the next 24/48 hours.

O: Unable to reach the client, VML. 10/02/26
O: Unable to reach the client VML. 10/05/26",,,
"Vincent Andrade",rosbelym@cordobalegal.com,2026-10-01,T-Mobile,CORDOBA-1194746184,Android,"Samsung Galaxy A35","When the customer enter the DOB is taking the customer to the beginner again",,,"Resolved with cx","O: Unable to reach the client, VML. 10/1/26

E:I was able to reach our client on behalf to the following issue “When the customer enter the DOB is taking the customer to the beginner again”, but he has told us, he wont be able to talk with us right now at this moment for sure! He would like to be reached at 1:00pm tomorrows 10/07/2026.

E: I was able to reach our client due to the following issue “ When the customer enter the DOB is taking the customer to the beginner again ”

-Samsung Galaxy A35
-Creditor X last released version v1.11.1 installed.
-Click on “Is this your 1th time to login ? “
• Client ID : 1194746184 /Last 4 of his SSN. /Date of birth.
• Hit (Confirm).
• Nothing happens.
• Settings / Display > Font size and stile “Smaller”
• Settings / Display > screen zoom “Smaller”.
• Returns to Creditor X!
• Client ID : 1194746184 /Last 4 of his SSN. /Date of birth.
• Hit confirm.
• Select his preferences username, it will be his gmail or even his phone number.
• Phone number: andradevincent06@gmail.com assigned as username.
• Setup his own password.
• Password has been setup.
• New password has been assigned !
• Creditor X : Settings > Carrier : T-Mobile
• - USSD COMMAND #1 Done!
• press ok Done!
• Voice mail recording : ON. Playback audio > 3 seconds for their last 30 days.
I was able to reach him back just to confirm everything is setup.

Solved!",,,
"Rachel Booher",Maria.Cortes@cordobalegal.com,2026-10-01,spectrum,CORDOBA-1256081437,Android,motorola,"""User not found"" every time she try to log in or resset the password.",,,"Account Canceled","O: File is under pending affiliate cancellation. 10/01/26",,,
"James Whitfield",Juan.Vicente@cordobalegal.com,2026-09-30,T-Mobile,CORDOBA-1246401018,Android,"Samsung or LG customer not sure","Still receiving calls from creditor 1-380-240-8133",,,"Client not answering (3 days)","O: Unable to reach the client, VML. 10/1/26

E: Thanks so much for sharing us, our client concerning relate to a Creditor X APP, on behalf of the following issue “ Still receiving calls from creditor 1-380-240-8133”.

The following subscriber 1380-240-8133 “DID: CREDITONEBNK, has been blocked into our ends database since 10/01/2026 02:18PM, Please make sure to go to creditor X, By looking at “Inbound call settings ” must be property setup, such as Do not disturb when creditors /collectors calls, however Call forwarding/Blocking must be turned on... If there is any numbers Or even a Caller ID 13802408133, our client will be adding this number into the “Suggested list ” Add all subjected Numbers (+) as well into the block list.

O: Unable to reach the client, VML. 10/02/26",,,
"George Mallory",Juan.Vicente@cordobalegal.com,2026-09-29,Verizon,CORDOBA-1216399606,IOS,"Iphone 17 Pro Max","Still receiving calls from this number 434-328-1050",,,"Client not answering (3 days)","E:  I was trying  to reach our client on behalf to the following issue"" Still receiving calls from this number 434-328-1050. but unfortunately there was an answered machine as dialed.

E: If our client is being called us back, please let him knows, that the following  Creditor  LENDMARK had blocked on our ends since 9/25/2026     "" DID:    434-328-1050 ""    Make sure, features such as call blocking/forwarding and inbound call settings are propertly setup on Creditor X,   However it could be found into the suggested list (+_)  to be included into the block list sections at the Creditor x app._

_Thanks!_:stars:

O:Unable to reach the client, VML. 10/02/26",,,
"Russell Goddard",Juan.Vicente@cordobalegal.com,2026-09-01,Verizon,CORDOBA-1127102752,Android,"Samsung 26 ultra","Wrong credentials",,,"Client not answering (3 days)","E:Ring not answered as dialed 10/1/2026.
O: Unable to reach the client, VML. 10/02/26
O: Unable to reach the client, VML. 10/05/26",,,
"Marla Pratt",Jessi.Correa@cordobalegal.com,2026-10-01,"T- Mobile",1249489463,IOS,"Iphone 15","Creditor X is not recognizing the phone number even tho is the right one.",,,"Resolved with cx","E: I was trying to reach our client  but there was an answered machine a dialed 10/1/2026

O: Unable to reach the client, VML. 10/02/26

E: I was able to reach our client .
Creditor X Old version OS: V1.5.0 · has been uninstalled.
-Current app versions — iOS: V1.5.01 has been updated At the last recent version released.
- Creditor X is working property as client has confirmed us.

Solved!",,,
"Alice M Whitman",jaquino@cordobalegal.com,2026-10-05,COX,CORDOBA-1257434223,Android,Samsung,"Client is unable to enter her date of birth.",,,"Resolved with cx","E: IF A CLIENT REACH US BACK, PLEASE EDUCATED HER TO DOWNLOAD OUR LAST CREDITOR X RELEASED VERSION  · Android: 1.11.0, We had made some adjustments with the Phone Size screen  menu  to make it works.

I was trying to reach our client but there was a ring not answered as dialed. 10/5/2026


E: - Mobil data : ON.
- Creditor X old version 1.10.0 has been uninstalled.
- Creditor X last released version 1.11.0 has been installed.
• Display size and text size . “ Smaller “
• Got back to Creditor X APP. 
• Click on is this your 1th time to login. 
• ID: 1257434223/ =last 4 of her SSN. Date of birth/ 
• Select : whitmana99@gmail.com as default username. 
• Created a new password 1 upper_case letter/ lower_case letter at least 8 
• Acept prvicase confirme 
• Not working, otherwise we were able to perform 
• SMS CODE WAS BEING SENT to her phone :18605780032
• Username:Wmana##1 + password sent to her email.
• Creditor X has been setup. 
",,,
"Will Smith",rosbelym@cordobalegal.com,2026-10-05,"T- Mobile",CORDOBA-1241066874,Android,"Samsung Galaxy S 21","Client state he is unable to listen to his voice mails, we followed all of the steps listed on the Creditor X guide. Still not working. Please follow up on the client.",,,"Resolved with cx","O: Unable to reach the client VML. 10/05/26
O: Unable to reach the client VML. 10/06/26
E: I was trying to reach our client but there was a ring not answered as dialed 10/7/2026

 E: I was able to talk with the client relate to their voice mail issues, whose situations had fixed! by letting him knows,we had updated our voice mail database, so that he will try no, getting more voice mail so them will be now able to play!   We have found some issues at the OLD  version for non playable messages, but now it has been working property and sync with the Creditor X APP.
  Creditor X >  Settings: Voice mail recording : OFF/ ON, Make sure, features such as :
Inbound call settings :

*Do not disturbed when creditors calls.  X
*Dot not disturb when collectors agency calls. X

• Forward only if I am denying the phone or not answering, it does not need to be check,  by check mark this one, non voice mail wont be saved into his voice mail sections  just redirected only, (NOT ENABLE IS THE BEST RECOMMENDATION).
E:Please erased all of those voice mail recorded,  started  recording at the new configurations provide, therefore if there is any issues relate with the voice mail, please contacting us for us to verify if it still the same, in order to verify whats seems to be the trouble into our voice mail data base.
We had performed a test  by ending the call, educating the client to play,   I was able to reach him back once again.

Client has told me, Voice mail messages are now working as client  has confirmed us, many of them were able to playback!

E:Make sure, regular voice mail from his contact agenda, is not included into his creditors voice mail database, its is only for creditors voice mail  being developed.

Solved! Client is happy! :stars:   10/7/2026",,,
"Kevin Donahue",rromero@cordobalegal.com,2026-10-01,AT&T,CORDOBA-1245888204,IOS,"Iphone 13","Client is trying to login to the app but is showing an error ""Something went wrong on our end, there is a problem processing your request"" | Login — Reset password using Phone number, Cordoba ID and Email. | Software updated | _",,Completed,Dev,"O: Internal failure authentication_LOGIN DATABASE
O: Unable to reach the client, VML. 10/05/26
E: I was able to reach our client on behalf to the following issue Something went wrong into our ends “ .

Creditor X Version 1.5.1 has been installed.
Error,, when password recovery, still the same issue. Ups “ Something went wrong into our ends “ Tried with temporary password, nothing happens /Username: 978-944-6694 +temp password. Sent at : kdonahue8@gmail.com


E: Client was educated we are still working on behalf to get this resolved, we will reach him back as soon as we have fixed it. We had made a test, by updating the app, as the current Creditor X version v1.5.1, + password recovery, but it has rejected as soon as the client is trying to get access on the app. There something relate with the internal frameworks, database flow, This case has been manage internal to get fixed. We will reach our client as soon as we have solved  10/6/2026",,,
"Carolyn Carter",Juan.Yanez@cordobalegal.com,2026-10-07,Spectrum,CORDOBA-1250924934,Android,"Motorola G Pure","Called saying Creditor X is blocking all her contacts and not the creditors call. She is being unable to remove her contacts and keep on there the creditor number",,,"Resolved with cx","E: Device Motorola G Pure.
-Creditor Last released version 1.11.1 has been updated.
-Settings/ APPP: Force stop, done!
-Settings/ APPP: open by default : Disable.
• Creditor X Has launched.
• Creditor x Settings > Carrier : Spectrum.
• Creditor x Settings > inbound call settings
• /Settings: Features do not disturb when collectors agency call. Done! *
• -/Settings : Features do not disturb when creditors calls / Done !
• Voice mail recording : ON.
• Push notifications : Email. /SMS.
• Blocked sections / Block numbers 0, Suggestions (1) tap on (+) for being suggested, or even click on add, all for being routed into the block list/ in order to removed it, just click on “stop blocking “ However if she would like to block a single creditors she will tap on (add) located on the top right corner, in order to submit a request, it will takes at least 24/48 hours for being block or rejected.
• Test call has been made to : 770-605-4614 ! It works! Client was educated the app has been designed only for blocking creditors numbers (DID) Only, instead of their Contact list
• Call forwarding_ Block: Active (Turned on : Green)
• I have sent an article whose bring about the app, due to any further cases.
• -Resolved! Client is happy now!
-",,,
"Laurie Griffin",mateo.rojas@cordobalegal.com,2026-10-08,Verizon,1249617902,IOS,"Iphone 16 Pro","The User ID field is not working, she tried to TAB and also to TAP a lot of times, also already deleted and installed the app again but still not working",,,New,,,,
"Melanie Seraille",mateo.rojas@cordobalegal.com,2026-10-08,AT&T,1249577034,Android,"Samsung Galaxy","The app shows an error with her phone number, it seems to be that is not saved in the system",,,New,,,,
"Charles Bottoms",Mariana.Montalvo@cordobalegal.com,2026-10-08,T-mobile,1219515444,Android,"Samsung Galaxy S22","Cx is trying to access for the first time, and the phone number is incorrect. It doesn't let him to change it.",,,"In Progress","E:I was trying to reach our client on behalf to assist him but there was an answered machine as dialed. 10/08/2026",,,
"Lisa Wolf",pablo.correa@cordobalegal.com,2026-10-08,Verizon,CORDOBA-1249405527,IOS,"Iphone 14","Error while typing Cordoba id, doesn´t type and doesn't let cx proceed with setup",,,"Call Agent (Additional information)","E: Ticket has been returned due to not sufficient information, Agent may need to reach our client in order to run a basic trouble shoot by running a trouble shoot guide http://172.30.1.31:3000/index.html",,,
"Feliciano Ruiz Teletor",maureen.jimenez@cordobalegal.com,2026-10-08,Spectrum,CORDOBA-1216194338,IOS,"Iphone 15 pro max","Cx forgot the password , customer said getting an error message email invalid when password recovery.",,,"Call Agent (Additional information)","E: Client has told us he wont be able to talk with us right now, because of he has been working, please reach him back after 7:00pm. Ticket has been returned due to insufficiency information's, educated the agent to reach our client back after 7:00PM",,,
"Victor Vasquez",Lukas.Garzon@cordobalegal.com,2026-10-08,AT&T,1249594585,Android,"SAMSUNG fold 7","He is not able to send the USSD code because not a single option shows up on the screen (Creditor X)",,,"In Progress","E: I was able to reach our client in order to assist him about his USSD command, but he has told us, he wont do this meanwhile he is talking over the phone.   Client was educated, please turned off his phone into an airplane mode for about 10 seconds them released, I have sent an email about how to install creditor x Last released version 1.11.1 for android. Please go Creditor X / settings: Select his carrier  + Select USSD Command #1  +  press  ""Dial "" on his phone keypad,  in order to enable ""Call forwarding_blocking"" .

E: I will reach him back for about 15 minutes just to confirm if the configurations  is done! 10/08/2026",,,
"Eric Clipps",Lukas.Garzon@cordobalegal.com,2026-10-08,"T mobile",1245826747,Android,"galaxy z 44","(ERROR. Associated phone number is missing from external system data",,,"Call Agent (Additional information)","E: Ticket has been returned due to non sufficient information 10/08/2026.",,,
"Connie Kramer",Mateo.Rivera@cordobalegal.com,2026-10-08,"Pure Talk",CORDOBA-1249441910,IOS,"Iphone 16","The carrier is not appearing on the list of carriers available and the client has not been able to set up the app",,,"Call Agent (Additional information)","E: Returned tickets, bring education to reach our client  back, in order to select  ""AT&T "" as main carrier on settings for USSD commanding purposes, however if the issues persist!  We would be more than glad to resolved it! :stars:",,,
"Amadeo Lopez",rosbelym@cordobalegal.com,2026-10-08,AT&T,CORDOBA-1256688545,Android,"Samsung Galaxy","-When she pressed on is this your first login and introduced all the info required it shows "" Error""",,,"In Progress","E: I was trying to reach our client but there was a ring not answered as dialed. 10/08/2026",,,
"Raymond Shane",Juanita.Rodriguez@cordobalegal.com,2026-10-08,T-Mobile,CORDOBA-1248990458,IOS,"iPhone 16","He can not add the creditors phone numbers, he prefers to receive the call at 6pm in the evening central.",,,"Call Agent (Additional information)","E: Returned due to non relevant/missing  information, Agent may no reach our client in order to collecting such as more information, by 1th running a basic trouble shoot guide, Please guide our client to click on ( Blocked tab ) on the top right corner press (ADD +)  in order to add  a number to the blocked list,  Verification time frame takes around  24/48 hours business hours to complete.

:stars:",,,
"RICHARD A WALKER",Jorge.Lopez@cordobalegal.com,2026-10-08,T-mobile,1219731983,Android,"Samsung 22 ultra","when clicking on creditor x  he is requesting to update it  over again same issue client reported",,,"Resolved with cx","E: I was able to reach our client in order to fix the issue relate with the new updated based on Creditor X, client has lost their previews configuration on the APP.

Creditor X last released version v1.11.1  (Running).......
-Galaxy_ Device : S22 > Settings/ APP; Creditor_X :Set at default : Disable.
-Phone key pad = Please Dial “ ##21# in order to disable call forwarding or even dial ##004# as well.
-Voice mail recording (Creditor X_ Database only )
-I have made a test call a test call at the line #2 “ # 646-657-6443 “ Fixed!

Solved!",,,
"Carmen Doman",samuel.angel@cordobalegal.com,2026-10-07,AT&T,CORDOBA-1250783378,Android,"SAMSUNG Note S","when cx types in her phone number in the first Log in system responds phone number missing from external system data",,,"Call Agent (Additional information)","E: Tickets has been returned due to non sufficient information, we may need to have such as more informations /details about whats going on,  Please educated the agent to reach our client, by running a basic trouble shoot guide from Creditor X  *Creditor X Guide*
*v1.14.0.*",,,
"Nancy Ventura",Jessi.Correa@cordobalegal.com,2026-10-05,AT&T,1232713529,IOS,"Iphone 13","App is not recognizing the password, she´s been trying on ""password  recovery"" but it´s not working",,,"Client not answering (3 days)","E:I was trying to reach our client but there was an answered machine as dialed.  At this point, Creditor Last released version  *V1.5.1 must  be installed in order to fix the issue.   10/6/2026*

E: I was trying to reach our client but there was an answered machine as dialed.  If a client reach us back please educated the agent to assist our client, by running a basic trouble shoot guide for Creditor X, in order to provide assistance relate to this scenario when password recovery sections.  10/7/2026",,,
"Veleria M O'Kelley",Julian.Hernandez@cordobalegal.com,2026-10-07,T-Mobile,CORDOBA-1245151082,Android,N/A,"Assist client with password recovery but it could not be completed. We tried with OTP and it says Not valid OTP found",,,"Call Agent (Additional information)","E: Ticket has been returned due to insufficient information's relate to a password recovery based on Creditor X APP. Please bring education to the agent in order to reach our client  to assist.",,,
"Millie Presley Dofat",rosbelym@cordobalegal.com,2026-10-07,spectrum,1216476119,Android,"Samsung S26","When she pressed on is this your first login it was just asking her for the ssn that was the only field",,,"In Progress","E: I was trying to reach our client on behalf to the following issue “ When she pressed on is this your first login it was just asking her for the ssn that was the only field” but there was an answered machine as dialed.

E:In order to fix the issue relate to the “1th login button ', Creditor X may need to be updated at the last released version V1.11.11 for android, We had fixed some features relate to the phone screen size for some devices whose wont be able to works due to this scenarios.
E:Contact Updated (Form) executed, updated:8643204091duplicated on forth CRM.
Best regards! :stars:",,,
"Carol Sigillo",rosbelym@cordobalegal.com,2026-10-07,Verizon,CORDOBA-1248778709,Android,N/A,"wrong User ID and Password.",,,"Resolved with cx","E:I was able to reach our client, in order to the following issue “ wrong User ID and Password.” .

-Device: Iphone 15
-Creditor x app Current app versions — iOS: V1.5.1.
-Click on “ Is this your 1th login ?
-ID: 1248778709 /SSN/ Date of birth. “Hit confirm.
-Messages “ You have already logged on this app before. “
-Password recovery, performed by her username : 1919-696-9659. Temporary
-password sent to sillyjelly55@gmail.com, Please check her inbox!
• Returned to the main (Form_page ),where says :Username : 1919-696-9659 (Temp password). Hit next !
• Set her own password :
• A new password has been assigned to her account!
• Push notifications : ON,.
• Allow notifications.
• Creditor X: Settings : Carrier: Verizon
• Suggested list (+) Press add . /USSD Command is done.
• Call forwarding_ blocking is active .
• -Client is happy now!   
Solved!!  10/7/2026",,,
"Joanne pelt",rosbelym@cordobalegal.com,2026-10-07,Verizon,CORDOBA-1240198926,Android,"Samsung s22 ultra","her voicemail is not working",,,"In Progress","E: I was able to reach our on client on behalf to the following issue  ""her voicemail is not working”. "" but there was a ring not answered as dialed.

E: If a client reach us back  please educated her to download Creditor X APP last released version 1.11.1 for android, we have already fixed the issue relate with the voice mail recording messages database.  IF a client would like to play any messages recorded,  it will be recorded only their  last 30 days  of voice mail )recorded messages < 3 seconds to play only.   10/07/2026

E: Ring not answered as dialed 10/08/2026",,,
"James Quan",Mateo.Salazar@cordobalegal.com,2026-10-06,Verison,CORDOBA-1253812549,IOS,"Not specified +6 years old","App is not letting CX create an acc or select an option to first log in",,,"Client not answering (3 days)","E: I was trying to reach our client but there was a ring not answered as dialed  10/7/2026
E:   I was trying to reach our client but there was a ring not answered as dialed  10/08/2026",,,
"Linda Weaver",Laura.SilvaM@cordobalegal.com,2026-10-06,Verizon,1201365842,Android,"Pixel phone","The client is trying to register her account but when the system is asking for the DOB it does not allow her to complete the information.",,,"Resolved with cx","E: I was able to reach our client on behalf to the following issue “
The client is trying to register her account but when the system is asking for the DOB it does not allow her to complete the information. “

*Device: = Google. Pixel.
*Contact Updated (Form) on forth_CRM.
*Phone> Settings : Display and touch / Display size_and_text (Minimized/).
*Launch Creditor X
• (Is this your 1th time to login ? )
• ID : 1201365842 / last 4 of her SSN/ Date of birth.
• Setup her own password.
• New password has been assigned to her account but our client did not remember it really well
• Password recovery is done !
• Creditor X has been setup.
• Client wont be able to setup her phone by her own way, Client was educated, please looking for somebody at home to assit her about login into the app.
• I have sent their username /password via email
• Client has told us, she may need to go at the doctors appointments right now.  
• Tested account/ Credentials are working property  but the client is not easy going to do this by her own way.
Solved!   10/7/2026",,,
"Carol Sigillo",ecruz@cordobalegal.com,2026-10-06,Verizon,CORDOBA-1248778709,IOS,"I Phone 15","Client is still getting phone calls the app ins't blocking anything , but she says some of them are going to her voice.",,,"Resolved with cx","E:I was trying to reach our client on behalf to the following issue   “Client is still getting phone calls the app ins't blocking anything , but she says some of them are going to her voice. ” but there was an answered machine as dialed.   In order to fix the issue, go to Creditor X, settings, / inbound  settings, select ""Do not disturb when collectors/creditors "", +  Go to the suggested list (+) In order to select every database numbers stayed from creditors phones,however make sure the app has already updated at the last version released     iOS: V1.5.1   10/7/2026

E:

I was able to reach our client, in order to the following issue “ wrong User ID and Password.” .

-Device: Iphone 15
-Creditor x app Current app versions — iOS: V1.5.1.
-Click on “ Is this your 1th login ?
-ID: 1248778709 /SSN/ Date of birth. “Hit confirm.
-Messages “ You have already logged on this app before. “
-Password recovery, performed by her username : 1919-696-9659. Temporary
-password sent to sillyjelly55@gmail.com, Please check her inbox!
• Returned to the main (Form_page ),where says :Username : 1919-696-9659 (Temp password). Hit next !
• Set her own password :
• A new password has been assigned to her account!
• Push notifications : ON,.
• Allow notifications.
• Creditor X: Settings : Carrier: Verizon
• Suggested list (+) Press add . /USSD Command is done.
• Call forwarding_ blocking is active .
• -Client is happy now!   
Solved!!  10/7/2026",,,
"Todd Jordan",Juanita.Rodriguez@cordobalegal.com,2026-10-06,AT&T,CORDOBA-1201386551,Android,"Samsung Galaxy S25 Edge","The client can not install the app, he prefers to be contacted tomorrow before 10am.",,,"In Progress","E: Rescheduled a callback at 9:00AM peer client request. 10/06/2026
E: Ring not answered as dialed. 10/08/2026",,,
"Francisco Meza",jaquino@cordobalegal.com,2026-10-06,T-Mobile,CORDOBA-1179456008,Android,"galaxy 24 ultra","is this your first log in, client tried to enter the ID SSN DOB at the moment to confirm it take him back to the beginning",,,"In Progress","O: Unable to complete the process. Callback at 7pm EST. 10/06/26
E:  I was trying to reach our client but there was a ring not answered as dialed 10/08/2026",,,
"Arlene Tannahill",Juanita.Rodriguez@cordobalegal.com,2026-10-06,Verizon,CORDOBA-1228117966,IOS,"iPhone 6","She has troubles installing the app.",,,"Resolved with cx","O: Last vs for iOS installed:  V1.5.1
-Client was able to log in for the first time without inconveniences.
-Password assigned.
-USSD commands sent successfully.
-Allowed notifications.

Call forwarding active and green!
Settings:
*Do not disturb me with creditors calls
*Do not disturb me with collection agency calls.
*Push notifications.
*VM recording ON.

Resolved with the client!!!!",,,
"Rhonda Graster",jnunez@cordobalegal.com,2026-10-05,AT&t,1244623549,IOS,"iPhone 15","Username or login incorrect, but its the same info she used before, after trying recovery failed, please assist.",,,"Resolved with cx","O: Unable to reach the client, VML. 10/05/26
E:  If a client reach us back, due to a credentials failures, please educated him, about click on ""Password recovery "", by just typing his username, them a temporary password will be sent to his regular email registered on forth_CRM to get fixed, however if there is a mismatched information on forth / and Creditor X profile, there wont be not access into the Creditor X Platform, however Please make sure our clients its typing the correct information to get login! at first place,therefore we are still working to fix it by running our internal tools, in case that it wont be resolved.   10/6/2026   Ring not answered as dialed.

E: I was able to reach our client in order to let her knows, we have already blocked the following subscriber : 16062481620 “08 WORLD FINANCIAL NETWORK BANK” on 10/02/2026 10:49AM from our internal system database, therefore if there is any incoming calls from each number, she will go to creditor x app last released version V1.5.1, by going into the Suggested list (+) in order to suggested for being switched at the block  list, or even she will go into her basic phone settings inbound calls /block each creditor phone number as well   10/7/2026",,,
"Garfield rowe",Monica.Munar@cordobalegal.com,2026-10-01,Verizon,1253258718,Android,S25,"cx can not access due to log in failed to enter user name or password is incorrect",,,"Resolved with cx","E: I was able to reach our client but he has told us, we will call him back at 3:00PM  10/1/2026

E: I was able to reach our client in order to setup his creditor X APP.

-Click on “Is this your 1th login ?”
-ID : 1253258718
-Last 4 digits of his SSN./ Date of birth.
-Select his email as username: gjrdwr@yahoo.com
-New password has been assigned.
• SMS confirmation code is done.
Authentication is done.
• Setting : Carrier : Verizon.
• USSD COMMAND: #1  Done!
• APP  Creditor X is mark as default caller ID.
• Call forwarding_blocking: Active.
• Voice mail recording: turned on (Available for the last 30 days for playing 1 month >  3 seconds )    10/1/2026",,,
"April Lyman",Santiago.Solano@cordobalegal.com,2026-10-01,verizon,1249613591,IOS,"iphone 16 pro","Client reported to block a new number 229-210-6833 she claims from creditor that has been constantly calling, can be checked?",,,"Resolved with cx","O: Unable to reach the client, VML. 10/1/26

E: -Device i Phone 16 PRO.
• Call forwarding_blocking : Active (Green color circle)
• Settings : Inbound call settings ( )
• Suggested list (+) Capital 1 (is now blocked)
• incoming calls from : UPST/ALLIANT 12292106833 8:21AM Today :
Admin_panel database : 12292106833 Is blocked, Creditor MNSVFCU/UPST. It has been internally blocked. Request was being sent BY : Creditor X endpoint.
•
• • Open the Phone app.
• Tap Recents or Call history.
• Tap the call from the number 12292106833
• Select Block.

Resolved!",,,
"Ossie Thebaud",ecruz@cordobalegal.com,2026-09-24,"straight talk",1251807448,Android,"Samsung S23","Ssd or phone carrier not found",,,"Call Agent (Additional information)","E: I was able to reach our client in order to trouble shoot, but I have lost connection meanwhile assisting our client.  9/25/2026

E:IF A CLIENT REACH US BACK, PLEASE LET HIM KNOWS  :   Straight Talk operates on Verizon's network, covering roughly 99% of the U.S. population,  however he may need to go to settings on creditor X,  Select carrier : Verizon, to make it work!",,,
"Carolyn Carter",Alejandra.Montana@cordobalegal.com,2026-09-25,Spectrum,CORDOBA-1250924934,Android,Motorola,"The cx has issues with the app",,Completed,Dev,"O: 9/28/26

** Resolution:
- Android: 1.10.0 vs installed!
- Apps> storage cleared>
- We followed the password recovery options an the client was able to receive the reset password email.
- We tried 2 times with the temporary password and we got the generic red error .
- The error was duplicated on browser stack.

E:I was able to reach our client back on behalf to the following issue “ Error when entering a temporary password “
-Device: Motorola
-Creditor x last release version 11.1.0 has been installed.
-Password recovery user: 17706054614 , email : Crlynpiano@bellsouth.net
• Login /password, Failed! “ Error “ / New password has been resent.
• Login /password, Failed! “ Error “ / The same error. 
•  There is not mismatched records on Forth_ CRM. 
• Temp password “ f9b754d” 
• Routed to dev. 
E: There seems to be an issue with the cloud server who has storage our client credentials but there is not a refreshed token for a second attempts , or even a null session occurred  into the SQL server when requesting a password event at the end point.

Escalated to tier 3!!!   10/5/2026",,,
"Jolene Moore",Christiam.Vera@cordobalegal.com,2026-09-28,Infinity,1245140403,IOS,"Iphone 15","cx could not setup the app and log in using password",,,"Client not answering (3 days)","O: Unable to reach the client, VML.9/28/26
O: Unable to reach the client, VML.9/29/26
E: Ring not answered as dialed.  9/30/026",,,
"Kenneth Mccann",Catalina.Garzon@cordobalegal.com,2026-09-28,Verizon,CORDOBA-1245904913,Android,Samsung,"First time steps: Screen gets frozen after cx types his user ID, last 4 SSN and his date of birth. Information is correct but doesn't let him continue with the set up. App was uninstalled and download again. Still gets frozen.",,,"Client not answering (3 days)","E:Ring not answered as dialed/ 9/28/2026
O: Unable to reach the client, VML. 9/29/26
E:   Ring not answered as dialed/ 9/29/2026",,,
"Vernon Alan Lovejoy",Jessi.Correa@cordobalegal.com,2026-09-28,Verizon,1243614691,IOS,"Iphone 15","""Username not found"" He already completed a recovery for it on SEP 24 with a rep according to the notes, but it´s still happening, creditor X is not recognizing the email no more and we confirmed and it´s the right one.",,,"Resolved with cx","E: I was able to reach our client due to the following issue “""Username not found"" He already completed a recovery for it on SEP 24 with a rep according to the notes, but it´s still happening, creditor X is not recognizing the email no more and we confirmed and it´s the right one. “.

Password recovery *“ Phone303-902-1746 ” temporary password has been sent to:*alan3_lovejoy@msn.com New password has been setup.

Solved!",,,
"CHARLES HOUSE JR",Santiago.Solano@cordobalegal.com,2026-09-28,"Mint Mobile",1236323681,Android,"Pixel 9a","Client reported error message about number not registered on file for creditor X access, could you please help confirm?",,Completed,Dev,"E: I was able to reach our client on behalf to the following issue “ Client reported error message about number not registered on file for creditor X access, could you please help confirm? “

-Device: Pixel 9a
-creditor X Old version, uninstalled.
-Creditor X Last released version · Android: 1.10.0 has been installed.
-Contact Updated (Form) 304-730-8187
-ID: 1236323681.
-New password has been setup but it has launched a red text “Error”.
- Recovery password has been set. but it has launched a red text “Error”. As well.

-Routed to Dev, due to an internal issues with database.

E:I was able to reach our client on behalf to the following issues “ Client reported error message about number not registered on file for creditor X access “.

-Google pixel 9A
-Creditor X last released version 1.11.0 has been installed.
-Click in on (Is this your 1th time to login “ .
• Select his email : charlie.house8@gmail.com as use name.
• Setup his own password.
• Error login when entering his own password after getting all requirements.
Password reset > Temporary password has sent to : charlie.house8@gmail.com at least 3 minutes to try, otherwise we must wait at least 5 minutes for being released, in order to try to run a password recovery events once again.
• Now is asking for an username /ID. Once it has been logged in, its still the same.
• -Client has told us, he does not have more time for this,by saying I am sorry.  10/5/2026",,,
"Mark Zatorski",juan.gonzalez@cordobalegal.com,2026-09-28,AT&T,CORDOBA-1229078175,IOS,"iPhone 16 plus","He is having multiple issues using the app in a new device, keeps getting error like ""you have already login into the app"" he is using his regular user ID but it keeps on rejecting it. Please assist, thank you!",,,"Client not answering (3 days)","E:I was able to reach our client in order to guide him about how to install Creditox, Issue”He is having multiple issues using the app in a new device, keeps getting error like ""you have already login into the app"" he is using his regular user ID but it keeps on rejecting it. Please assist, thank you!”.

-Creditor X email has been sent to markallenzatorski@icloud.com
• Click on “App_store ”
• Download Creditor X last released version iOS: V1.5.0
• Client was educated, to looking for someone to setup his basic settings on his phone in order to synchronize his email with his phone to make it works. Then download Creditor X
• I have sent an article about how to download Creditor X/ How to uick Setup & App Walkthrough
• Password recovery Done!
• Username : 1773-203-0153 + temp: ******* Done!
• Error “ Oops! Something went wrong on our ends. “
• Rotued to Dev, due to an internal failure system based on Creditor X Database.
Client was educated we are still working on it to get them resolved as soon as possible.

E: I was trying to reach our client on behalf to the following issue  He is having multiple issues using the app in a new device, keeps getting error like ""you have already login into the app"" he is using his regular user ID but it keeps on rejecting it. Please assist, thank you! “ .
Answered machine as dialed.   10/2/2026",,,
"Ronnie Rodriguez",Juanita.Rodriguez@cordobalegal.com,2026-09-28,AT&T,CORDOBA-1247044993,IOS,"Iphone 17 Pro Max","When he puts the member ID, the last 4 digits of the SSN and the birthday, it says phone number is missing from external system data.",,,"Resolved with cx","O: Resolution:
-Home phone section filled.
-After filling the home phone section the client was able to complete the process without inconveniences.


-Call forwarding active and green.

-Settings:
*Do not disturb me with creditors calls.
*Do not disturb me with collection agency calls.
*Push notifications.
*VM recording on.

Resolved with the client!",,,
"Steven E Dolan",Saray.Beltran@cordobalegal.com,2026-09-28,Verizon,1241045536,Android,"Samsung S25","Cl is trying to login but it is showing his wife info (email and phone where he needs to select the username), he is the co applicant and is not clear if is needed to place her info instead of his",,,"Resolved with cx","E:I was able to reach our client on behalf to the following issue “ Cl is trying to login but it is showing his wife info (email and phone where he needs to select the username), he is the co applicant and is not clear if is needed to place her info instead of his” .


Susan M Dolan Creditor X, assigned = USER: “shackinthejacks2@yahoo.com ” Subscriber : 715-919-3285.
New password has been set.

Carrier: Verizon
USSD COMMAND 1# DONE. Command 1#2
(*) D not disturb when collectors agency calls.
(*) Do not disturb when creditor calls.
Allow access. + Enable blocking!
Settings/ Push notifications “ SMS/EMAIL.
Voice mail recording : on. Available only for the last 30 days (1 months )recorded messages > 3 seconds.
CreditorX Device
Samsung S25

-------------------------------------------------------------
Steven E Dolan Creditor X, assigned = USER: “ shackinthejacks@yahoo.com “
Subscriber: 715-919-3286
New password has been set. (Cooaplicant user)

Carrier: Verizon
USSD COMMAND 1# DONE. Command 1#2
(*) D not disturb when collectors agency calls.
(*) Do not disturb when creditor calls.
Allow access. + Enable blocking!
Settings/ Push notifications “ SMS/EMAIL.
Voice mail recording : on.

CreditorX Device
Samsung S25

All set!
Resolved!",,,
"Karla G Grindstaff",Abraham.Oliveros@cordobalegal.com,2026-09-26,T-mobile,1236455790,Android,"Samsung Galaxy A16","Customer claims that she is trying to erase the Creditor X app. But when she uninstall the app, Calls and voice messages are still being rerouted.",,,"Client not answering (3 days)","O: Unable to reach the client, VML. 9/28/26
E: Answered machine as dialed  9/29/2026",,,
"Elisa Ramirez",Sharon.Amado@cordobalegal.com,2026-09-26,T-Mobille,1244330773,IOS,"IPhone SE","Client sees an error, after placing her ID, email, SSN, and birthday. It says ""The internal form is missing external data, please contact CreditorX team"", and it doesn't allow her to move forward",,,"Client not answering (3 days)","O: When the first login cannot be generated and we receive this error alert: *""Associated phone number is missing from external system data""*, it is because the user does not have the Work phone or Cell Phone section filled on FORTH'S CRM.

O:Unable to reach the client, VML. 9/28/26.
E: Client has told us, Please reach her back at 4:00pm because of she is driving right now, so that she wont be stayed on the phone.
E: I was trying to reach our client but there was a ring not answered as dialed  9/30/2026",,,
"Linda Andrews",Sharon.Amado@cordobalegal.com,2026-09-25,Verizon,1219566376,Android,"TCL AE50","Client is getting stuck on the page that asks for the username she would like to use when logging into the app, she selected her email with the circle besides it, but it doesn't show her a place to fill a password, she can see the Next button but it doesn't allow her to click it.",,,"Resolved with cx","O: Resolution:
-We made the font size smaller.
-After making the font size the client was able to fill the first log in form without inconvenience.
-New password assigned!

-Settings:
*Do not disturb me with creditors calls.
*Do not disturb me with collection agency calls.
*Push notification.
*VM recording: ON

Resolved with the client!",,,
"Deborah A Shelton",marisleidyd@cordobalegal.com,2026-09-25,"T- Mobile",1253691004,IOS,"I phone 17","It does not allow her to down load the creditor x application",,,"Call Agent (Additional information)","O: Callback at 4 PM EST",,,
"Evelyn Sharp",Alejandra.Montana@cordobalegal.com,2026-09-25,"CONSUMER CELLULAR",1248871063,Android,SAMSUNG,"The app didnt let the cx login",,,"Resolved with cx","O: Unable to reach the client, VML.9/28/26.
O: The client didn't mention having any problems; she asked for the User ID to try it later, and said she would call back if needed. 9/28/26",,,
"PEARLY FULTON",Maria.Quinones@cordobalegal.com,2026-09-28,Verizon,CORDOBA-1239212475,IOS,"iphone 13","cx was trying to created the password but it show her an error and doesn't let her continuo, she tried again but then it show that she already login, cx tried to login normally but it show again the issues",,,"Resolved with cx","O:Resolution:
-Last vs installed and cache cleared.
-followed steps for password recovery.
- Client was able to receive the email. We tried with the temporary password and got ""Oops! Something went wrong on our end"".

Escalated to tier 3!

E: I was able to reach our client on behalf to let her knows, about downloading a creditor X last released version  for IOS *V1.5.2.* 

*Client has confirmed us, Creditors x has been working now!*  ",,,
"Karen Sue Ferrell",Juan.Vicente@cordobalegal.com,2026-09-24,T-Mobile,CORDOBA-1239662332,Android,Samsung,"Showing wrong User ID and Password.",,,"Call Agent (Additional information)","O: Unable to reach the clienr, VML. 9/28/26",,,
"John Grega",Christian.Patarroyo@cordobalegal.com,2026-09-25,Verizon,1229979397,Android,"Google Pixel 7 pro","Client is not able to add a creditor's phone number to the block list. I walkthrough the client into adding the number but client got a message ""block of this number has been reject ."" The Phone is +1 866-456-0677 BRCLYSBANKDE",,,"Resolved with cx","E: I was able to reach our client in order to assist him about the following issue “Client is not able to add a creditor's phone number to the block list. I walkthrough the client into adding the number but client got a message ""block of this number has been reject ."" The Phone is +1 866-456-0677 BRCLYSBANKDE”

-Inbound call settings are being setup.
-Call_forwarding_ block is still active at the home tab.
-1 866-456-0677 BRCLYSBANKDE has been blocked into our internal data_base as well..
Suggested /blocked numbers are being set, All suggested number were being moved into the blocked list as well.

Solved!",,,
"Kevin Donahue",Juan.Vicente@cordobalegal.com,2026-09-24,AT&T,CORDOBA-1245888204,IOS,"Iphone 13","Something on our end is wrong by processing your request.",,Completed,Dev,"E: Routed to ""DEV""  due to an internal error database authentications on post. 9/28/2026 .


E: I was able to reach our client on behalf to the following issue Something went wrong into our ends “ .

Creditor X Version 1.5.1 has been installed.
Error,, when password recovery, still the same issue. Ups “ Something went wrong into our ends “ Tried with temporary password, nothing happens /Username: 978-944-6694 +temp password. Sent at : kdonahue8@gmail.com
Client has told us, he wont be stayed on the phone right now, we will reach him back tomorrows at  11:00AM  10/6/2026

E:Client was educated we are still working on behalf to get this resolved, we will reach him back as soon as we have fixed it. We had made a test, by updating the app, as the current Creditor X version v1.5.1, + password recovery, but it has rejected as soon as the client is trying to get access on the app. There something relate with the internal frameworks, database flow, This case has been manage internal to get fixed. We will reach our client as soon as we have solved   10/6/2026",,,
"Owen Martsching",Maria.Cortes@cordobalegal.com,2026-09-25,AMAC,CORDOBA-1231069775,IOS,"Iphone 12E","cx was not letting her get past the USSD commands, tried to start over but now does not remember her password and needs also to resolve the issue with the USSD commands.",,,"Client not answering (3 days)","O: Unable to reach the client, VML. 9/25/26
O: Unable to reach the client, VML.. 9/28/26
E: I was trying to reach our client but there was a ring not answered as dialed.",,,
"Jennifer Jacobs",Daniel.Velasquez@cordobalegal.com,2026-09-25,AT&T,1245150286,Android,N/A,"Cx is having issue trying to login into the app (creditor X) due to she is not recording the password",,,"Client not answering (3 days)","E:  I was trying to reach our client but there was an answered machine as dialed  9/25/2026.

O: Resolution:

-Last vs for Android installed.
-First, we confirmed that an account hadn't been created.
-When the client tried the ""Is this your first login?"" option, the page refreshed but did not send the form.

** Apps> Android system Webview> storage> Clear Data and cache.
** Apps> creditor X > Permissions allowed> Force close.


-We opened the app and the issue remained the same.

E: Answered machine as dialed 10/2/2026",,,
"Patsy Andrade",Richard.Heredia@cordobalegal.com,2026-09-25,Optimum,1228586954,IOS,"Iphone 15","The app can't download it.",,,"Client not answering (3 days)","O: Unale to reach the client, VML. 9/25/26
O: Unable to reach the client, VML.9/28/26
E: I was trying to reach our client but there was an answered machine as dialed 9/29/2026
Make sure, her internet connections is turned on or it wont have permission to download anything  based on her network policy, at this point our best recommendation its recommended to use their data usage(MOBIL DATA )",,,
"Sandra Vincent",Richard.Heredia@cordobalegal.com,2026-09-25,AT&T,1252918903,IOS,"Iphone 14","C hasn't been able to first time login on CreditorX, the app inform her to contact the support",,,"Resolved with cx","O: Unable to reach the client, VML. 9/25/26
O: Client has been assisted!",,,
"Luis Rivera",andres.quiroz@cordobalegal.com,2026-09-25,unspecified,CORDOBA-1245848300,Android,unspecified,"client just let me know that an error code appears when he puts the user ID, he had no time to provide me with the all details but wants us to review the error and give a call later. Please review.",,,"Resolved with cx","O: Unable to reach the client, VML. 9/25/26
E: Client has told us, please reach him back in  15 minutes 9/29/2026
E:I was able to reach our client on behalf to the following issue “ client just let me know that an error code appears when he puts the user ID, he had no time to provide me with the all details but wants us to review the error and give a call later. Please review. ”

-Creditor X last released version Android: 1.10.0 installed on Samsung galaxy_Android
-Click on “ Is this your 1th login ?”
• ID : 1245848300
• - Last 4 of his SSN / Date of birth.
• Setup his own password
• Hit confirm
• Registration has been successfully completed.
• Sms notification was being sent to : 954-297-3098 (Resent)>
• Client has told us, he wont be stayed on the phone right now, so that he would like to talk with us after 6:00pm
Follow up.

O: Resolution: 9/30/26
- We followed the password recovery steps without problems.
- USSD command sent successfully

-Settings:
*Do not disturb me with creditors calls.
* Do not disturb me with collection agency calls.
* VM recording.
*Push notifications.

** call forwarding showing green and active **
Resolved with the client!!",,,
"Joseph Hayer",mateo.rojas@cordobalegal.com,2026-09-24,Spectrum,1249378412,IOS,"Iphone 14","The app is not letting him write his user ID (Client ID), also says something about a password recovery button that is not working/showing on his application",,,"Client not answering (3 days)","E: Ring not answered as dialed.   9/25/2026
O: Unable to reach the client, VML. 9/28/26",,,
"Barbrajean Washington",jnunez@cordobalegal.com,2026-09-24,N/A,CORDOBA-1245847777,Android,n/a,"whenever she goes to choose the option how to log in it shows the email with gmail.com instead of yahoo.com",,,"Call Agent (Additional information)","E: IF A CLIENT REACH US BACK, PLEASE LET HIM KNOWS, WE HAD RESOLVED THE ISSUE. EMAIL: jeano531@gmail.com HAS BEEN ASSIGNED ON FORTH_CRM, So now our client would be registrations a new Profile by launching a creditor X VERSION Android: 1.10.0 , GO TO *(is THIS YOUR 1TH LOGIN ) UNDER HIS ID : 1245847777 SOLVED!",,,
"Clifford Wright",juan.gonzalez@cordobalegal.com,2026-09-24,Spectra,1243575904,Android,"Samsung A37","Client is reporting that he is getting call from an specific creditor ""ADVANCE "" even though he blocked the creditor and keep on blocking the specific numbers, please assist, thank you !",,,"Resolved with cx","E:I was able to reach our client on behalf to the following issue “ Client is reporting that he is getting call from an specific creditor ""ADVANCE "" even though he blocked the creditor and keep on blocking the specific numbers, please assist, thank you ! ” .

Client has told us, he does not remember his username/password.

-Device : A37 Samsung.
-Creditor X last released version Android: 1.10.0 has been updated.
• Creditor X has been launched,
• Password recovery / Recovery username: 3302618606 , sent at: cliffordwright62@gmail.com.
Go to : Gmail website / inbox, but he has told us, he will get in touch with her wife in order to looking for his temp password.

• Temporary password (Token) expired at least 6 minutes, os that he may need to request a new temporary password once again .
• Creditor X Email “ Quick Setup & App Walk through “. has been sent to the client.
• Resolution: Enable call blocking must be turned on, Do not disturb when creditors calls / Collectors agency.
• 
Solved!  9/25/2026",,,
"Robert Ford",Dayan.Duarte@cordobalegal.com,2026-09-28,AT&T,1244928830,Android,"Samsung Galaxy S23FE","Client is trying to register but when he completes the last 4 of social and date of birth it doesn't show anything else and it doesn't let him continue to the next screen, we check the app and it has the latest version for android and then we uninstall it and re installed back but kept doing the same.",,,"Client not answering (3 days)","O: Unable to reach the client, VML. 9/28/26
O: Unable to reach the client, VML. 9/29/26
E: I was trying to reach our client but there  was a voice mail recorded messages as dialed  9/30/2026",,,
"George Swartout Jr",Dana.Rojas@cordobalegal.com,2026-09-28,AT&T,CORDOBA-1251217681,Android,"Samsung default 6","Cx mention that he's having issues when he try to login into the app because it shows him there's an issue with the password and he reset it already.",,,"Client not answering (3 days)","O:internal_failure_authentications_LOGIN_DATABASE
E: I was trying to reach our client but there was an answered machine as dialed  10/2/2026",,,
"Leroy McGee",andres.quiroz@cordobalegal.com,2026-10-01,T-mobile,CORDOBA-1254431403,IOS,"I-phone promax ( 17 )","cx has issues login creditor x, he puts all his information and an ¨user no found¨ error pops up.Could you please check?",,,"Resolved with cx","O: Unable to reach the client, VML. 10/1/26

O: Resolution:
- We followed the password recovery steps successfully.
- New password assigned.
- USSD Command sent.

- Settings:
*Do not disturb me with creditor calls.
*Do not disturb me with collection agencies calls.
*VM recording.
*Push notifications.

--Resolved with the client!--",,,
"Jerome Wallace",robertc@cordobalegal.com,2026-09-30,Comcast,CORDOBA-1213605013,Android,"(Galaxy S25 Ultra): Samsung","Client state she is unable to get his PW resent even we tried the steps already,Login failed when trying to recover the PW",,,"Client not answering (3 days)","E:I was trying to reach our client on behalf to the following issue
 "" Client state she is unable to get his PW resent even we tried the steps already,Login failed when trying to recover the PW ""  but there was a ring not answered as dialed  9/30/2026.

O: Unable to reach the client, VML. 10/02/26.
E:  I was able to reach our client back on behalf to the following issue:  "" Client state she is unable to get his PW resent even we tried the steps already,Login failed when trying to recover the PW  but there was an answered machine as dialed, please educated our client to download  creditor x last released version to fix the issue.",,,
"Kerry Akin",Nikol.Sotelo@cordobalegal.com,2026-10-01,Veraizon,1249457793,IOS,"iphone 15 Pro Max","The cx already have an account but he forgot the password we try to reset the password but it shows that he haves to put the previous password",,,"Resolved with cx","O: Resolution:
- We followed the password recovery steps successfully.
- New password assigned.
- USSD Command sent.

- Settings:
*Do not disturb me with creditor calls.
*Do not disturb me with collection agencies calls.
*VM recording.
*Push notifications.",,,
"Melvina Taylor",Leidy.Pineda@cordobalegal.com,2026-10-01,AT&T,1252075123,Android,ULTRA,"Cx is trying to create the password, but is not letting her to continue, app is asking her to the date of birth and when she introduce that information, then the screen is 'block'",,,"Client not answering (3 days)","E: I was trying to reach our client but there was a ring not answered as dialed  10/1/2026 TP

O: Unable to reach the client, VML. 10/02/26

O: Unable to reach the client, VML. 10/05/26",,,
"Juan Alberto",Esnaider.Garzon@cordobalegal.com,2026-09-30,"Total Wireless",CORDOBA-1240312007,Android,"Samsung Galaxy Z flip","When they try to log in, after setting up the account and created the account. It prompts the client to create an account, but when they follow the process it says that he has already logged in before it seems to be in a loop.",,,"Client not answering (3 days)","E: I was trying to reach our client but there  was an answered machine as dialed 10/1/2026

O: Unable to reach the client, VM hasn't been set up yet. 10/02/26
O: Unable to reach the client, VM hasn't been set up yet. 10/05/26",,,
"Britaine Harbour",Maria.Cortes@cordobalegal.com,2026-09-30,"C SPIRE",CORDOBA-1254460222,IOS,"Iphone 16 PLUS","HI team! cx is trying to set up the application but is not letting her select C SPIRE as it does not appears on the list and cannot proceed.",,,"Call Agent (Additional information)","E: I was trying to reach our client but there was an answered machine as dialed 10/1/2026   <@U0985P4K5FZ> At this point the agent may need to reach our client in order to let him knows,  Please go to creditor X APP,  /settings: Carrier : AT&T  as main carrier grade servicing in order to operated based on C SPIRE, networks, however we would be glad to assit our client if there is any further concerning relate to Creditor X.
Please educated the agent to reach our client to assist. Ticket has been returned.",,,
"Carl Mingo",robertc@cordobalegal.com,2026-09-30,"Metro By TMobile",CORDOBA-1248218056,Android,"Samsung A17","Client cannot get past verification code stage, invalid code",,,"Resolved with cx","O: Unable to reach the client, VML. 9/30/26
O: Cx has been assisted.",,,
"Kevin Donahue",Jorge.Lopez@cordobalegal.com,2026-09-30,AT&T,1245888204,IOS,"iphone 13","when putting user id and number he gets a pop up saying ups something was wrong there is problem processing your request sends a new passwords and client gets a buckle over again",,Completed,Dev,"O: Unable to reach the client, VML. 9/30/26
O: Internal failure authentication_LOGIN DATABASE

*The issue related to ""Oops! Something went wrong on our end"" has been resolved.*

O: Unable to reach the client, VML. 10/05/26

E: I was able to reach our client on behalf to the following issue Something went wrong into our ends “ .

Creditor X Version 1.5.1 has been installed.
Error,, when password recovery, still the same issue. Ups “ Something went wrong into our ends “ Tried with temporary password, nothing happens /Username: 978-944-6694 +temp password. Sent at : kdonahue8@gmail.com
Client has told us, he wont be stayed on the phone right now, we will reach him back tomorrows at  11:00AM  10/6/2026

E: Client was educated we are still working on behalf to get this resolved, we will reach him back as soon as we have fixed it. We had made a test,  by updating the app, as the current Creditor X version  v1.5.1, + password recovery, but it has rejected as soon as the client is trying to get access on the app.  There something relate with the internal frameworks, database flow, This case has been escalated to Dev.   10/6/2026",,,
"Alicia Sandoval",Juan.Vicente@cordobalegal.com,2026-09-28,"Metro by T-Mobile",CORDOBA-1205879163,IOS,"Iphone 13","Wrong User ID and/or Password",,,"Resolved with cx","O: Unable to reach the client, VML. 9/30/26
O: Unable to reach the client, VML. 10/1/26
E: I was able to reach our client on behalf to the following issue “Wrong User ID and/or Password”

-contact Updated from Data
Creditor X last released version iOS: V1.5.1has been installed.
Wifi : ON.

• ID: 1205879163
• Last 4 of her SSN/ Date of birth. (Confirm) 
• “ You have already logged into the app before “ 
• Password recovery : username: 650-630-2367 recovery_email: llicha2010@yahoo.com (Please check her inbox) for a temporary password.
• New password has been assigned. 
• Login has been successfully done! But the client is getting issues at her phone key_Pad. Password: Alicia##1
•  Profile has been deleted from our database of Creditor X. 
•   Creditor X profile has been assigned to : 650-630-2367 
• Credentials were being setup. 
• Creditor X has been resolved! USSD Command is done/ Enable blocking / 
• (*) D not disturb when collectors agency calls. 
• (*) Do not disturb when creditor calls. 
Solved!",,,
"Juan D. Francisco",Juan.Vicente@cordobalegal.com,2026-09-28,Verizon,CORDOBA-912119847,IOS,"Iphone XR","You need to send to your carrier a ussd command to authorize to redirect phone calls",,,"Resolved with cx","O: -The client was able to log in without inconveniences

-We followed the remaining steps successfully.

- Once the client was able to log in, we went to to settings and confirmed that everything was configured properly:
*Do not disturb me with creditors calls.
*Do not disturb me with collection agency calls.
*Push notifications.
*VM recording.

-- Resolved with the client --",,,
"Cindy Lu Schomburg",Juan.Vicente@cordobalegal.com,2026-09-28,"Optimum Mobile",CORDOBA-1236429658,Android,"Samsung S25","You need to send to your carrier a ussd command to authorize to redirect phone calls",,,"Resolved with cx","O: Resolution:

-We followed the password recovery steps successfully.
-The new password has been assign to the account.
- We signed in and the call forwarding was showing green and active.

-Settings:
*Do not disturb me with creditors calls..
*Do not disturb with collection agency calls.
*Push notifications.
*VM recording on.
--Resolved with the client-",,,
"Nancy Ventura",Juan.Vicente@cordobalegal.com,2026-09-28,AT&T,CORDOBA-1232713529,IOS,"Iphone 13","Wrong User ID or Password.",,,"Client not answering (3 days)","O: Unable to reach the client, VML. 9/30/26
O: Unable to reach the client, VML. 9/02/26
E: At this point, Creditor Last released version V1.5.1 must be installed in order to fix the issue, relate with his password recovery.

If a client reach us back please educated the agent to assist our client, by running a basic trouble shoot guide for Creditor X, in order to provide assistance relate to this scenario when password recovery sections.",,,
"Sharon Keick",Juan.Vicente@cordobalegal.com,2026-09-28,Verizon,CORDOBA-1252866097,Android,"Google Pixel 8","Try to create account but when she fill out DOB and hit confirm nothing happen",,,"Resolved with cx","E:-I was able to reach our client back in order to assist her about the following issue
“ Try to create account but when she fill out DOB and hit confirm nothing happen “ .

-Creditor X Last released version · 1.10.0 for Android: has been installed.
• Go to “ Is this your 1th login ?
• Last 4 of his SSN/ Date of birth
• Setup her own password. (Hit confirm). But nothing happens.
• Display size and text / Font size / Display size (Smaller)
• New password has been assign to her account !
• An Sms confirmation was being sent to her mobil phone. (Resent).
• Settings :Carrier > Verizon.
• USSD COMMAND #1 “ Cant complete the call “.
• Airplane mode turned on /OFF x 10 seconds.
• Settings /Reset mobil network settings.
• Tested!
• Phone signal : 2 Lines 5G NETWORKS.
• This is an issue with her carrier at her current area/locations she will try later on, or even get in touch with her carrier to verify whats going on on the Antena/Tower,
Solved!",,,
"Angela Mireya Machin",marisleidyd@cordobalegal.com,2026-09-29,T-MOBILE,1240242571,IOS,"Iphone 16 normal","CreditorX Device: Iphone 16 normal 
Reported Issue: When the client tries to listen to creditors' voicemails in the app, an audio error appears. We verified with the client that the app is up to date, the phone volume is high, and the signal is strong,however the error persists.",,,"Client not answering (3 days)","E: I was trying to reach our client but there was a ring not answered as dialed.  9/30/2026

O: Unable to reach the client, VML. 10/02/2026
E: I was trying to reach our client but there was a ring not answered as dialed 10/5/2026",,,
"Clifford Wright",Andersson.Acosta@cordobalegal.com,2026-09-28,Spectrum,1243575904,Android,"A37 Samsung","Customer forgot his password when trying to recover the password he already tried his email address and phone number but both are returning with error message user not found we also tried with his user ID but is still getting the same message, he requested assistance.",,,"Resolved with cx","O: internal_failure_authentications_LOGIN_DATABASE
E: I was able to reach our client, who has told us, his creditor X APP has been working property!  Client was educated about how to blocks creditors calls when harassing by clicking into the suggested tab (+) in order to suggest all creditors phone calls (Inbound ) however he will go into the blocked sections, by clicking on (ADD) button located on the top right corner,  by writing down the creditor subscriber number to block  and the name of each creditors. Once it has been sent. We will verify internally on a time frame of  24/48 hours in addition if it could be blocked or  rejected.",,,
"Alfredo Diaz",Juanita.Rodriguez@cordobalegal.com,2026-09-29,T-Mobile,CORDOBA-1244930858,IOS,"Iphone 11","He can not download the app, he wants the call tomorrow!",,,"Client not answering (3 days)","E: I was trying to reach our client, in order to assist him about downloading CreditoR X last released version  *V1.5.1  iOS: via APP store, but  there was a ring not answered as dialed.*

E:If our client reach us back, please educated him,we have sent an email whose bring about how to download the app, step by step.  Subject: Attorney Client Privileged Put an End to Harassing Creditor Calls — Introducing CreditorX.     9/30/2026

E: I was able to reach our client but there was an answered machined  10/2/2026

E:IF A CLIENT REACH US BACK PLEASE EDUCATED HIM TO DOWNLOAD A LAST CREDITOR X VERSION   V1.5.2  FOR IOS, or even use the basic trouble shoot guide to assist our client.",,,
"Jerome Zabojnik",Dilan.Riascos@cordobalegal.com,2026-09-29,Visible,1239216824,IOS,"Iphone 15 Pro","User iD number is blocked and client can not log on CreditorX",,,"Client not answering (3 days)","O: Unable to reach the client, VML. 9/29/26
E: I was trying to reach our client but there was an answers machine as dialed.  10/2/2026",,,
"Troy Baumann",robertc@cordobalegal.com,2026-09-29,Verizon,CORDOBA-1237270727,IOS,Iphone,"Client state she is unable to get his PW resent even we tried the steps already.25e7f376",,,"Client not answering (3 days)","O: Unable to reach the client, VML. 9/29/26.
O: Resolution:
-General> I phone storage > app offloaded
-v1.5.1 installed
-We followed the password recovery options and got the temporary password.
-We tried with the temporary password and got "" something went wrong on our end"".

Escalated to tier 3!!

E: I was able to reach our client  in order to assist him with a 1th login, but he is currently Driving at this moment, so that he would like to be contacted on Monday morning next week.  10/2/2026

E: I was trying to reach our client but there was a ring not answered as dialed  10/5/2026",,,
"Bertha Hicks",jnunez@cordobalegal.com,2026-09-29,"boost mobile",CORDOBA-1200557931,IOS,iPhone,"Client is having issues adding the phone number for REPUBLIC: 1-833-907-1734, shows under review.",,,"Resolved with cx","E: I was able to reach our client on behalf to the following issue "" Client is having issues adding the phone number for REPUBLIC: 1-833-907-1734, shows under review "" .

-Inbound call settings are being setup. (Creditor X )
-Do not disturb when creditors/Collectors agency (*)
Request takes at least 24/48 business hours to confirm, if it has been rejected or even blocked into our database.

Creditor Call blocking and forwarding : Active. / Home. “Green color :
Suggested numbers 2 (+) them it goes into the block sections turned on red color. “ADD all suggested (+)“ .
Creditor X VERSION : iOS: V1.5.1
Push: notifications : Enable, by SMS_ EMAIL.
Our client has received a call today at morning, and it was being requested to be blocked. As soon as it has been added from the suggested list, it goes into the blocket tab, not incoming calls from each number will be displayed.",,,
"Vickie L Parales",Saray.Beltran@cordobalegal.com,2026-09-29,Verizon,1245028503,Android,"Samsung galaxy s23 ultra","She is not able to enable blocking on her phone, she is not finding that option to continue with the set up",,,"Resolved with cx","E: I was able to reach our client on behalf to provide an assistance about how to enable Call blocking when launching creditor X .  Client has told us, everything is now working, App has been successfully setup without any troubles.

E: Our best recommendations, due to  Any further cases, relate to Creditor X, when 1th installation steps, our client may need to click on ""Grant Permissions ""  them There will be an options displayed, asking """"  If creditor X may be configured as the Default Caller ID AND Spam app ?,  We may need to select  (Creditor X ) By clicking on :   Set as default..

Solved!",,,
"Maureen McCulloch",Julian.Hernandez@cordobalegal.com,2026-09-29,AT&T,CORDOBA-1243827042,Android,"Samsung Galaxy S21","Client on the registration page is able to wire Client ID and last 4 SSN, but the squares were the DOB goes is not letting her write anything.  Tried 1 time and error shows up. Deleted the app and installed again by sending her the walkthrough email. Client tried again and still not able to continue due to DOB not being taken",,,"Client not answering (3 days)","O: Unable to reach the client, VML. 9/29/26
O: Unable to reach the client, VML. 9/30/26
E:
I was trying to reach our client but there was an answered machine as dialed.9/30/2026",,,
"Geraldine Davis",mateo.rojas@cordobalegal.com,2026-09-29,AT&T,1246393795,Android,Samsung,"She is still receiving calls from her creditors, when she try to add the phone to the list the app do not work correctly",,,"Resolved with cx","O: Resolution:
-Client followed the  password recovery steps successfully
-New password assigned.
-Call forwarding active and green.

-Settings:
*Do not disturb me with creditors calls.
*Do not disturb me with collection agency calls.
*Push notifications.
*Vm recording ON

Resolved with the client!",,,
"Antoinette Alawad",Valentina.Lavelez@cordobalegal.com,2026-09-29,AT&T,1205794298,IOS,"Iphone 16 pro max","customer contacted us concerning her creditor x app regarding calls that she is still receiving for two creditors, previous agent advised her to delete the app but when she reinstall it, the app wont pass to the ""creditor call blocking and foward active"" message because she said that any number is under there, customer said her device has the last software update.",,,"Resolved with cx","O: ZENDESK NOTES

Method of Request (Email, SMS, Affiliate):N/A
Request/Message: Creditor X issue
Ticket number: N/A

Resolution:
- Client was able to log in without inconveniences.
- We verified, nothing appeared under blocked.
-We went to settings and sent the required USSD commands.

Setting
*Do not disturb me with creditor calls
*Do not disturb me with collection agency calls
*Push notifications
*Vm recording on

Resolved with the client!!!

Call needed to client: Y
If Yes, Call attempt (1st, 2nd, 3rd):1st
Other important information, if any: Task to expedite negotiations created CAP1/NEIMN 6365

Pending Task: Yes / No
Status: Completed / Not Completed
Completed Action:
Reason Not Completed:",,,
"Rose Ann Burrell",Richard.Heredia@cordobalegal.com,2026-09-29,AT&T,1253863309,IOS,"Iphone 17E","C is trying to login as first time however app saying acct already exists, when she received the temporary password didn't allow her to use it.",,,"Client not answering (3 days)","O:internal_failure_authentications_LOGIN_DATABASE
E: Ring not answered as dialed  10/2/2026",,,
"Gary Webb",Daniel.Velasquez@cordobalegal.com,2026-09-28,T-Mobile,1246818059,IOS,"Iphone 14","Cx was having some issue trying to login into the app for creditor X.",,,"Client not answering (3 days)","O:internal_failure_authentications_LOGIN_DATABASE
E: I was able to reach our client in order to let him knows, please download our creditor X last released version 1.11.0 but I have lost connection with him, therefore I was able to reach him back but there was an answered machine as dialed.",,,
"Caroline Steinhoff",jnunez@cordobalegal.com,2026-09-28,"Mint Mobile",CORDOBA-1246804353,Android,"Samsung GALAXY S10 PLUS","Every time cx's tries to log in, it says invalid username or password, even tho cx is already registered, tried to do the reset, failed, tried forgot password it did not work.",,,"Client not answering (3 days)","O:internal_failure_authentications_LOGIN_DATABASE
E:  I was able to reach our client but there was an  ring not answers as dialed.   10/2/2026

IF A CLIENT REACH US BACK, PLEASE EDUCATED HER TO DOWNLOAD OUR LAST CREDITOR X VERSION  1.11.0  FOR ANDROID, IN ORDER TO FIX THE ISSUE.",,,
"Denise Boudreau",Luis.Agramonte@cordobalegal.com,2026-09-11,Verizon,1175253551,Android,"Samsung Galaxy S21 FE 5G","client is having problems with her voicemail, every time someone get the voicemail it spells her email address but client never get any notification about the voicemails. basically the client is unable to hear voicemail people says they leave, and all this happened  after installing creditor x, she went to her service provider to get help and they couldn't solve the issue, Verizon told to the client even changing phone the issue won't be solved.",,,"Client not answering (3 days)","E: I was trying to reach our client but there was a ring no answered as dialed. 9/15/2026.

O: Unable to reach the client, VML. 2nd attempt: 9/16/26
E:I was trying to reach our client but there was an answered machine as dialed 9/17/2062",,,
"Cheryl Landrum",samuel.angel@cordobalegal.com,2026-09-11,AT&T,CORDOBA-1243549754,IOS,"Iphone 17","when cx put her Id DOB and last 4 of ssn, response: phone number is missing from external system data",,,"Client not answering (3 days)","O: When the first login cannot be generated and we receive this error alert: *""Associated phone number is missing from external system data""*, it is because the user does not have the Work phone or Cell Phone section filled on FORTH'S CRM.


*For future reference:*
TS on creditor X Guide: http://172.30.1.31:3000/article.html?id=phone-number-missing

O: Unable to reach the client, VML. 2nd attempt: 9/15/26

E: I was trying to reach our client but there was an answered machine as dialed. 1st attempt: 9/14/26

E: I was trying to reach our client but there was an answered machine as dialed. 1st attempt: 9/14/26",,,
"Deborah Magos+6",Carlos.Solano@cordobalegal.com,2026-08-06,"T- Mobile",CORDOBA-1224539576,IOS,"Iphone 13","Phone number missing from the external system data. *""Phone number missing from the external system data""*","First Login",,"Resolved with cx","O: The number in Forth CRM has been correctly updated and duplicated; the Co-applicant was guided through all the steps, and everything was configured correctly.",,,
"Cristole Kamalii",Monica.Munar@cordobalegal.com,2026-08-20,expectrum/verizon,1244915143,IOS,"iphone 13","customer followed the step by step to download the creditor x app, however when she was going to select the carrier (expectrum/verizon) the only option showing her was AT&T. Asked customer to provided version of the app version  but she was not able to find that info.","Carrier List",,"Resolved with cx","E:Contacted on behalf to  bring support on her creditor x app, but she has told us, somebody has assisted about it, even sending her an email about the instructions on the app, client has told us, she does not need helps, everything its done!",,,
"Crystal R Powell",Dana.Rojas@cordobalegal.com,2026-08-24,AT&T,CORDOBA-1242616673,Android,"Samsung S25","Cx made the process but when when she try to click on Send USSD command not allow her to made any actions. *""Unable to send the USSD command""*",Setup,,"Resolved with cx","O: Resolution:
First, we verified that the latest version was installed (Android: 1.6.2).

- I confirmed once again that the option to send the USSD command was not appearing.

- I guided the customer to reduce the font size: Settings > Display > Font size and style.

- Once the text size was reduced, the customer was able to see the option to send the USSD command, and the remaining steps were completed successfully.",,,
"Mayra Mosqueda",brayan.pulido@cordobalegal.com,2026-08-21,T-mobile,CORDOBA-1221458030,IOS,Iphone,"When she write the ID, DOB and SSN this messeges ""Associate number is missing""","First Login",,"Client not answering (3 days)","O: I'll be more than glad to assist you with this issue. When the first login cannot be generated and we receive this error alert: *""Associated phone number is missing from external system data""*, it is because the user does not have the Work phone or Cell Phone section filled on FORTH CRM.

*For future reference:*
TS on creditor X Guide: http://172.30.1.31:3000/article.html?id=phone-number-missing

O: Unable to reach the Client, VML.",,,
"Yolanda Logsdon",Laura.Corredor@cordobalegal.com,2026-08-21,verizon,CORDOBA-1227072339,Android,"galaxy s23 ultra","cx can not hear voicemails ""voicemail corrupted"" cx has latest version, tried with wifi and mobile data, none working. *""Voicemail recording""*",Setup,,"Resolved with cx","E: Thanks so much for providing us! This is a very important  reason for us to get a solutions timely matter, I would be more than glad to reach our client.

I was able to reach our client in order to assist her relate with the Error "" Voice mail Corrupted "",  based on this scenarios Its is not a  Creditor X issue,  its a  Carrier Inbox  failures whose provide those  type of notifications  nearly to the app.   Client was educated about it.

Client was educated, Phone must be turned on into an airplane mode at least  10 seconds,  then the network will be released, immediately back to works!  Please do this based on any further troubles relate with her carrier in this case  ""Verizon Wirelesses "".

Client has told us, her voice mail is working now!
Resolved..",,,
"Vickie Rodgers",Josias.Campusano@cordobalegal.com,2026-08-21,Verizon,1232452596,IOS,"iPhone 17","Unable to login; client is not getting email for password reset.
Password_recovery",Auth/Login,,"Client not answering (3 days)","O: Unable to reach the client, VML.
O: Unable to reach the client after 3 attempts.",,,
"CRYSTAL RAMIREZ",rosbelym@cordobalegal.com,2026-08-21,T-MOBILE,1240345549,Android,"Samsung S 25 Ultra","Keep getting phone calls from creditors. *""Not blocking the calls from the list of ""blocked numbers""*","Blocked List",,"Client not answering (3 days)","O: Unable to reach the client, VML.",,,
"Luz Maria Garcia",Josias.Campusano@cordobalegal.com,2026-08-21,"Boost Mobile",1239772953,Android,"Not specified","After putting the password and meeting all requirements, she's unable to continue.",Auth/Login,,"Resolved with cx","E: I was able to reach our client relate to the following issue : Unable to continue after setup her password, but there is not more option displayed as  confirmed, but our client has told us, her app is currently working property she used to talk with somebody to fix it now it works..

I have sen an email about how to setup her app due to any further cases.",,,
"Karen Lamberth",Saray.Beltran@cordobalegal.com,2026-08-21,Xfinity,1236457275,IOS,"Iphone 14","cx cannot get any voicemail from creditors, she is not able to locate it, I completed the troubleshooting but it seems she cannot find it. *""Voicemail recording""*",Setup,,"Client not answering (3 days)","O: First attempt to download the new version of iOS 1.4.7. VML.
O: Unable to reach the client, VML.",,,
"Vickie Rodgers",Josias.Campusano@cordobalegal.com,2026-08-21,Verizon,1232452596,IOS,iPhone,"Client is trap in the login page of the creditor.  Infinite loading. *""buffering""*",Setup,,"Client not answering (3 days)","O: First attempt to download the new version of iOS 1.4.7. VML.
E: I was trying to reach our client but there was an answered machine as dialed.
O: Unable to reach the client after 3 attempts.",,,
"REGINAL HOWARD",Alex.Consuegra@cordobalegal.com,2026-08-21,AT&T,CORDOBA-1244178664,Android,"Samsung Galaxy S22","Cx is trying to set up the app and the app is asking for him to add an USSD Code. Cx does not know how to do it, Cx does not even know what is a USSD Code and how to get it. Cx will be available*.""Unable to send the USSD command""*",Setup,,"Client not answering (3 days)","E: I was trying to reach our client on behalf to her : *USSD Code, but there was an answered machine as dialed.*

O: Unable to reach the client, VML.

E: I was trying to reach our client on behalf to her : *USSD Code, but there was an answered machine as dialed.",,,
"Miguel Ponciano",Carlos.Solano@cordobalegal.com,2026-08-20,"T -mobile",CORDOBA-1197864221,IOS,"Iphone 15","Customer states he cannot use the ""is this your first time logging option"". *"" Is this your first login section unresponsive""*","First Login",,"Client not answering (3 days)","E: I was trying to reach our client but there was an answered machine as dialed.",,,
"Loretta D. Davis",304a91de81b644f6aab52b022db63f5dLaura.Cocinero@cordobalegal.com,2026-08-20,"T mobile",1240931493,IOS,"Iphone 16","client reported app is loading (circling forever). *""Buffering""*",Setup,"Unresolved with cx","Client not answering (3 days)","O: First attempt to download the new version of iOS 1.4.7. VML.

E: I was trying to reach our client but there was a ring not answered as dialed.

O: Unable to reach the client after 3 attempts, VML.",,,
"Erica Norris",laura.suarez@cordobalegal.com,2026-08-20,"Xfinity Mobile",CORDOBA-1231244465,Android,"S25 Galaxy","Client says that she install and get access to Creditor X but then was having some issues and uninstall the app, now the voicemail doesn't work at all. *""Voicemail recording""*",Setup,,"Client not answering (3 days)","E:Unable to reach the client.
E:Unable to reach the client.",,,
"Henry Chapman",rosbelym@cordobalegal.com,2026-08-24,Verizon,CORDOBA-1242639088,IOS,"16 pro max","Can not log in","First Login",,"Resolved with cx","E:I was able to reach our client but there was an answered machine as dialed.
E: I was able to reach our client , on behalf to the following issue : ""Can not log in "".  App has been setup, Recovery password was being setup into a new password to log in, client has already access into his creditor x APP, blocked/suggested numbers setup. Voice mail recording turned on, allowed only a last 3 months, at least 3 seconds.    App has been updated at the last version : V1.4.1 IOS.

Solved!",,,
"Jonathan Doleman",353644e78b0e4697b46eb078cef17ca7santiago.yate@cordobalegal.com,2026-08-20,At&T,1244619910,IOS,"Iphone 13","When cx clicks on ""Is this your first login"" option gets stuck with no error code nor movement. *""Phone number missing from the external system data""*","First Login",,,"E Unable to reach the client, there was a voice mail machine as dialed.
E:I was able to reach our client back in order to assist him with a “1th login ” grayed out button. IPHONE.

-Creditor X old version was being uninstalled.
-Creditor X last version has been installed.
-Standard Text Size : Settings /Display & Brightness.Tap Text Size.Drag.
• Phone has been restarted/rebooted.
• Clear cache.

I was able to reach our client back in order to fix “ ""Is this your first login “ button, grayed out.

-Creditor X old version was being uninstalled.
-Creditor X last version has been installed.
-
-Settings app
-Scroll down and tap Apps, then select Safari
-Clear History and Website Data.

-General > iPhone Storage
-Select the app, Creditor X.
-Tap Offload App / reinstalled in order to download a clearing version
-Wifi: Turned off
-Mobil date (Usage ) on

Phone was being rebooted.

-Standard Text Size : Settings /Display & Brightness.Tap Text Size.Drag.
Phone has been restarted/rebooted.
Clear cache.

-General /about phone IOS Software :
IOS VERSION 26.6.1 “Most recent updated. ”
Iphone 13

-Uninstalled creditor X.

Settings app/ name / iCloud/ Manage Account Storage/ Backups Show All Apps
Backups select his iPhone
Tap Show All Apps.
Find the app you want to remove and turn the switch off.
Tap Turn Off in order to confirm and delete the data.

Follow up.",,,
"Vickie Rodgers",mateo.rojas@cordobalegal.com,2026-08-20,Verizon,1232452596,IOS,Iphone,"The app is not letting her chang the cerrier, it only shows AT&T but she has Verizon","Carrier List",,"Client not answering (3 days)","O: contacting the client
E: I was trying to reach our client but there was an answered machine as dialed.
O: 3rd attempt o download the new version of iOS 1.4.7. Callback scheduled
O: Unable to reach the client after 3 attempts.",,,
"Eric Jones",samuel.angel@cordobalegal.com,2026-08-20,AT&T,CORDOBA-1235314272,Android,Samsung,"Error asociated phone # is missing form exyernal system data please contatc creditor X. *""Phone number missing from the external system data""*","First Login","Resolved with cx","Resolved with cx","O: I'll be more than glad to assist you with this issue. When the first login cannot be generated and we receive this error alert: ""*Associated phone number this missing from external system data""*, it is because the user does not have the Work phone or Cell Phone section filled on  FORTH CRM.

*For future reference:*
TS on creditor X Guide: http://172.30.1.31:3000/article.html?id=phone-number-missing

Number has been duplicated on filed already. First attempt unsuccessful, VML.

E: Ring not answered",,,
"Douglas Blackwell",rromero@cordobalegal.com,2026-08-19,Verizon,CORDOBA-1240918629,Android,Samsung,"Client tried to add a new number to list and it's been 48 hr under review. *""Number showing under review""*","Blocked List",,"Resolved with cx","E: I was able to reach our client on behalf to his creditor X APP,Relate issue :
# SECURITY FIN 7709425501 it has been around 48 hours under
review.

Admin_pane::database : Subscriber : 17709425501 current status: blocked, Identity : SECURITY FI Original Creditor. Added on :08/17/2026 04:28PM . It has been blocked, he will add a new creditor number, by clicking on “ADD ”.. It is a regular time frame for being included into our platform, otherwise as long as he has installed his new version, it wont be displayed on the app,

-Creditor X old version has been uninstalled
-Creditor X new version has been installed. “Released v1.6.2 ”

App is currently working.",,,
"PAULA SMOAK",rosbelym@cordobalegal.com,2026-08-19,AT&T,CORDOBA-1237101709,Android,"Samsung S 26","Wrong ID or Password.","First Login",,"Resolved with cx","O: Client got confused with the forth Portal and Creditor X , I guided trough the first steps. Creditor X set up successfully.",,,
"Nora Snowden",mateo.rojas@cordobalegal.com,2026-08-19,Metro,1184542537,Android,Motorola,"She is trying to login for the first time, when she taps on Date of Birth is not showing anything and wont let her introduce her information. *""Unable to move forward (Font size Issue)""*",Setup,,"Resolved with cx","O: Resolution:
- Cleared cache on settings.
-App updated to Vs 1.6.2 Android.

Once the application was updated, we proceeded with the initial login, but the client is still getting the same error when trying to enter the date of birth.
I told her to send us a screenshot to gave her the best resolution possible. I'll call back an try changing the font size.

E:I was able to reach our client on behalf to the following issue : “She is trying to login for the first time, when she taps on Date of Birth is not showing anything and wont let her introduce her information”

* Wifi: on.
*Creditox APP old version has been uninstaller.
*Credito X last version has been installed, last released v1.6.2 Android.
*App was being closed/ relaunched.

Client Updated by trigger Contact Updated (Form) executed Trigger ID: 188 , subscriber 810-937-8413 has been updated on forth_ CRM, mark as duplicated number field “( Home Phone, _ Home Phone ) CONTAcT. Database.

Accept concern.
User ID : 1184542537
Date of birth Format M:00/DAY/YEAR
Last 4 of her SSN.

Device motorola
Display.
Settings
Display size and text.Move the Font size slider left or right to make text smaller or bigger.
Restarted phone, if it does not work please go to Metro Pcs in order to replaced it, or even repairing each phone",,,
"Henry Chapman",Monica.Munar@cordobalegal.com,2026-08-19,n/a,1242639088,IOS,"Iphone 16 pro","Cusotmer mentioned once he filled out his credentials its says that was wrong.","First Login",,"Resolved with cx","O: Unable to reach the client, VML.

E: Ring not answered as dialed.

E:ISSUE: issue: Customer mentioned once he filled out his credentials its says that was wrong.
E:I was able to reach our client but there was an answered machine as dialed.
E: I was able to reach our client , on behalf to  the following issue : ""Can not log in "".   App has been setup,  Recovery password was being setup into a new password to log in, client has already access into his creditor x APP,  blocked/suggested numbers setup.  Voice mail recording turned on, allowed only a last 3 months, at least 3 seconds.     App has been updated at the last version : V1.4.1 IOS.

Solved.",,,
"Edmond Anfom",pablo.correa@cordobalegal.com,2026-08-18,Optimum,CORDOBA-1232834873,Android,"Samsum Galaxy","Cx is trying to access again but changed phone and app is not letting access telling him he is already logged, could you please see the possibility of deleting account for cx to delete app and restart process, can you please review and assist? thanks",Auth/Login,"Unresolved with cx","Resolved with cx","E: I was trying to reach our client relate to the following issue
""User ID is already login  "", But there was an answered machine as dialed.

E: Creditor X APP old version V1.5.0 has been uninstall
Creditor X app new version V1.6.2 has been installed.
Creditor x has launched.
Privacy has been done. “its says, it has alerady login .”
Recovery password, performed by : 1232834873,
Temporary password has been sent to : Eddiemarsh70@gmail.com
USER1232834873, Error messages “ login fail “.
It says, “User not found”.

Client has told us, nothing is working at all, he must go! He wont be stayed on the phone.

E:Ring not answered as dialed.

E: I was able to reach our client, we were trying to setup the app, due to a wrong credentials, but he just wants to uninstalled because of it is not working ,  client refusing us he will uninstaller, by deny us to assit him.,",,,
"Raphael Serrano",Jessi.Correa@cordobalegal.com,2026-08-18,"T- mobile",1147437051,Android,"Samsung Galaxy S20","""wrong credentials""","First Login",,"Client not answering (3 days)","O:Thanks for sharing this issue with us. There could be several reasons why we are encountering this issue either the app isn't up to date, or the username isn't being entered correctly. It is a good idea to try entering the mobile number along with the area code. 16467898259

O: Callback scheduled.
O: Unable to reach the client, VML.
E: Ring not answered as dialed.",,,
"Jonathan Doleman",rromero@cordobalegal.com,2026-08-18,"ATT & T",CORDOBA-1244619910,IOS,"Iphone 13","The ''Is this your first login'' option is stuck with no error code nor movement. *"" Is this your first login section unresponsive""*","First Login",,"Client not answering (3 days)","O: Unable to reach the client. VML

E: Ring not answered as dialed.
E: Ring not answered as dialed.",,,
"David Griffin",rosbelym@cordobalegal.com,2026-08-17,AT&T,CORDOBA-1229971847,IOS,"17 pro max","cant go pass date of birth  information. *""Unable to move forward (Font size Issue)""*",Setup,,"Resolved with cx","E: I would be more than glad to verify whats seems to be the trouble relate to the Creditor X APP, versus 17 pro max General settings to make it works,  regarding to the reported issue ""  cant go pass date of birth information ""

Settings
Display & Brightness
Text Size “ Please reduces the size of their font buttons to get it done! Select the minimums size to fully setup even displaying all buttons background on the APP,    Fonts
 (Label buttons functions) displayed for commanding, When tap..
TAP Creditor X APP, “ Launched “.
Go to “ is this your 1st time to log in “
Account information : ID :” 1229971847
Setup new credentials, Please select his username, it would be his phone number or email. “Please attached it,
Please created a new password. (Must be at least 8 characters. )
At least 1 special character for being done.
Confirm his password, but our client does not knows how to do it,
USSD Command is done.
Settings Carrier : AT&T.


Settings /USSD Command is done. Activation “ succeeded !
Carrier :AT&T.
Settings: Features do not disturb when collectors agency call. Done!
-Settings : Features do not disturb when creditors calls / Done! .
-Voice mail recording : turned on.
- Allowed only last 3 months on voice mail database.

App has been working property now!

Solved!

FOLLOW UP :

Reset was being performed.
User not “found “
Home phone/ Cell Phone Has been updated on forth.

*USER ID:1229971847
*Last 4 of his SSN.
*Date of birth
Check_mark !
Tap confirm. “ It has already login on the app before “ .
Try “

[
User ID : 504-401-6509 “Username “
Password: House@12
Next, Login “ Fail “
The entered username and password is incorrect.

Tried with his email : davidgriffin0524@icloud.com

“ Authentication has been done “!

Push notification : Turned on “Creditor X will send notifications.
Allow Notification : Enable.
Allow access: YES.
Creditor blocked and forwarding : YES.
Settings: Features do not disturb when collectors agency call. Done!
-Settings : Features do not disturb when creditors calls / Done! .
- Voice mail has been setup, “ Last 3 months features avialable “ .
Solved!
-*
]",,,
"Kody Huff",Sergio.Arias@cordobalegal.com,2026-08-24,"straigth talk",1239658423,IOS,"Iphone X plus","The cx carrier is  ¨Straigth talk¨ . We don´t have it as an option. I sent him the contact info for him to sent us an screenshot.  Could you please check if we can add this carrier.","Carrier List",,"Client not answering (3 days)","O: Thank you for sharing the issue with us. For this specific case, Verizon must be selected as the carrier.

O: Unable to reach the client, VML.
O: Unable to reach the client, VML.
E:  Subscriber  8126538829 does not ring when dialed.",,,
"Nairobic Suarez",andres.quiroz@cordobalegal.com,2026-08-24,"Metro T-Mobile",CORDOBA-1240594288,Android,"Samsung galaxy A14","Cx is trying to login the app but when she puts her personal information it shows an error, she has sent the screenshot and we have verified all the pieces of information on her account are correct. Thanks","First Login",,"Resolved with cx","E:Solved!

O: It appears the client already has an account. In this case, we should try the password recovery process using either the number 1773-699-2817 *(including the area code)* or her email address as the username; this should allow her to receive the password reset email.

O: Unable to reach the client, VML.


E: I was able to reach our client, on behalf to the following issue,
“Cx is trying to login the app but when she puts her personal information it shows an error, she has sent the screenshot and we have verified all the pieces of information on her account are correct”

Creditor X old version was being installed
Creditor x Last version 1.6.2 has been downloaded /installed.

Error when login “ Wrong username /password” .Second attempts made by email: suarezlucia801@gmail.com, Phone: 773-699-2817 and 1240594288 but it does not works at all.

-Tap Password Recovery. But there is an error when recovering..
• Close/open the app.
• Try again.
Did not works.
• Is this your first Login ? Click “
• ID:1240594288 “Account has already login.
Database user “ XXX-XXX-XXXX sin (1) 17736992817, temporary password was being sent to:suarezlucia801@gmail.com
• Establish a new password, at least 8 characters, lowercase, uppercase letter = 1, 1 characters..
• New password has been assigned to her account.
• Press “OK “ .
• Carrier: Metro T-Mobile/
• Send USSD COMMAND 1# #2 “invalid USSD #1
• Call forwarding/blocking: active.
• Enable call blocking. /Allow access.
• Default app.
• Setup

Settings: Features do not disturb when collectors agency call. Done!
-Settings : Features do not disturb when creditors calls / Done!

Solved!",,,
"Steven Livingston",andres.quiroz@cordobalegal.com,2026-08-17,VERIZON,CORDOBA-1228587175,IOS,"iPHONE 16","Hello team, this client is unable to login the creditor x, every time he tried says wrong credentials, we tried the basic troubleshooting but still not working could you please review it?","First Login",,"Client not answering (3 days)","E: Thanks, for sharing us, this is a very important reason for us to quickly identity whats going on based on Creditor X APP. I was trying to reach our client but there was answered machine as dialed.

E: RIng not answered as dialed..
O: Unable to reach after 3 attempts.

E: RIng not answered as dialed..",,,
"Troy Baumann",robertc@cordobalegal.com,2026-08-25,Verizon,CORDOBA-1237270727,IOS,"Iphone 16","Is this your first login "" can't go further than that, This customer is very upset , he has not been able to set up the Creditor X app on this phone and he has called and tried many times since the beginning of August , Cx is threatening on canceling if nothing get done. *"" Is this your first login section unresponsive""*","First Login",,"Client not answering (3 days)","E: I was trying to reach our client but there was an answered machine as dialed.

O: Unable to reach the client, VML.",,,
"Sheryl A Billingsley",Alejandra.Montana@cordobalegal.com,2026-08-27,T-Mobile,CORDOBA-1230005773,IOS,"Iphone mini 13","the carrier didnt appear.","Carrier List",,"Client not answering (3 days)","O: Unable to reach the client, VML
E: I was trying to reach our client due to the following issue : Carrier did not appear.
E:There was an answered machine as dialed.",,,
"Jennifer Harris",Alejandro.Centeno@cordobalegal.com,2026-08-27,T-mobile,CORDOBA-1236271419,IOS,"Iphone 15","Is not allowing cx to click on is this your first login?. *"" Is this your first login section unresponsive""*","First Login",Completed,"Resolved with cx","O: Unable to reach the client, VML.
E:  There was an answered machine as dialed.
E: I was able to reach our client, in order to assist her, with a 1sth login  grayed out button, but nothing happen,   Last version of Creditor X  iOS: *V1.4.7 was being installeed,  nothing happends.  Data usage turned on, Switched back to Wifi . Nothing happen.*
*Still follow up.*

E:I was able to reach our client in order to assist her  about  the following issue ""1th login button,grayed out "".

Device : *Iphone 15* 
Internet connections:
*-Creditor X  old version 1.5.0  has been uninstalled ().* 
-Creditor X last version has been downloaded via APP_STORE.
-Creditor X has been installed at the last version released 1.5.1.
• Click on  is this your 1sth login.
• Enter the ID : 1236271419 
• Last 4 of her SSN.  
•  Date of birth 
• Tap (Confirm) or  ""Done "" from her phone key pad. 
• Password has been assigned. 
• Settings, USSD Command #1  done!  Completed. 
• Settings, USSD Command #2  done!  Completed. 
• Settings, USSD Command #3  done!  Completed
• Carrier : T_mobil.
• Do not disturbed when creditors calls. (Inbound Call Settings)
• Dot not disturb when collectors agency calls.
• Call_forwarding : turned on.  /Allow access  
•  Call_blocking: ON.  Just for creditors, not personal  Agenda.
• Voicemail Settings/ Voice mail recording : ON. “Available for their last 30 days(1 month recording =>3 seconds.
• Notifications:  Will be setup via Email/SMS, our client  would like to select : Email instead..  (Done).
• Call_forwarding /blocking: Active. 
• Blocked section (ADD, for blocking a single number),request will be completed within  24/48 hours.  
• Suggested list ( Creditors calls, whose will be switched to the blocked list tab.  by typing on a blue circle.), she will add all suggested numbers at the same time... 
Solved!!",,hiredexperts.atlassian.net/browse/HED-1745,
"AUSTIN HOFFNER",andres.quiroz@cordobalegal.com,2026-08-27,"T Mobile",CORDOBA-1227875544,Android,"Samsung  25 ultra","client unable to login, an error pops up. He sent the sc already. Thanks","First Login",,"Client not answering (3 days)","O: Unable to reach the client, VML.
E: Ring not answered as dialed.",,,
"Betty Clark",304a91de81b644f6aab52b022db63f5dLaura.Cocinero@cordobalegal.com,2026-08-27,"T mobile",1227723275,IOS,Iphone,"client said is saying phone number is not matching with external information, she sent an screenshot. *""Phone number missing from the external system data""*","First Login",,"Resolved with cx","E: I was able to reach our client on behalf to the following error: Phone number is not matching with the external system.

-Contact fiels ( Home phone, cellphone) has been reset, Phone323-806-1033 added as duplicated numbers. Trigger ID: 188

-App has been uninstalled old version
-New creditor X APP, has been installed at the last version App store. V1.4.1.2 */ Done! Link was being resent it. https://apps.apple.com/us/app/creditorx/id6742861945 Donwloaded/installed.
• Click on, “ this is your 1st time to login “
• User ID: 1227723275
• Create a new password.   
• New password has been setup.  
• Privacy and policy accept. 
• Select your carrier : T_mobil.
• Send USSD COMMAND #1- 2#  Done!   Registration succeed, 
• Did you completed USSD COMMAND : YES. 
• Voice mail recording : ON. 
•  Enable blocking :YES
1. PUSH NOTITICACION: ON. 
2. Voice mail :  available for just their last 3 months. 
3. Blocked /add to manually adding a number for being blocked, even she will add all suggested numbers in to the black list sections located on blocked.. 
I have sent some article a  quick references about Creditor X.

Solved!",,,
"Robert Graham",robertc@cordobalegal.com,2026-08-27,AT&T,CORDOBA-1227095248,IOS,"Iphone 15","when doing the recovery password the credentials are not working  ( the temporary password not working)",Auth/Login,,"Resolved with cx","O: Resolution:
-We first Confirmed that the client had installed the last Vs for iOS iOS: 1.4.7.
-I asked him to try the password recovery option again, once he received the email the temporary password worked. He created his new password successfully.

- Once the client was able to log in, we went to to settings and confirmed that everything was configured properly:
*Do not disturb me with creditors calls.
*Do not disturb me with collection agency calls.
*Push notifications.
*VM recording.

--Resolved with the client--",,,
"Joanna Staley",Jorge.Lopez@cordobalegal.com,2026-08-26,"T mobile",1230757130,IOS,"17 pro max","client's phone number is not registered in external system. *""Phone number missing from the external system data""*","First Login",,"Resolved with cx","O: I'll be more than glad to assist you with this issue. When the first login cannot be generated and we receive this error alert: *""Associated phone number is missing from external system data""*, it is because the user does not have the Work phone or Cell Phone section filled on FORTH'S CRM.

*For future reference:*
TS on creditor X Guide: http://172.30.1.31:3000/article.html?id=phone-number-missing

Resolution:
- Home Phone section filled on Forth's CRM In order to resolve ""Associated phone number is missing"" error.
- We first confirmed that the last Version was installed iOS: V1.4.7
- We followed the first log in steps successfully.

- Settings configured:
*Do not disturb me with creditor calls.
*Do not disturb me with collection agency calls.
*Push Notifications.
*VM recording.

Call for warding active and 6 of the USSD Commands sent!!
Resolved with the client!!",,,
"Israel Perez Herrera",andres.quiroz@cordobalegal.com,2026-08-26,"T mobile",CORDOBA-1237432514,Android,unspecified,"Hello team, this client is trying to login but whenever he puts his carrier an error pops up. Could you please review it? client sent us screenshoots of it.","Carrier List",,"Client not answering (3 days)","O: Unable to complete the process, Callback scheduled
O: Unable To reach the client, VML.",,,
"Samone Tessmer",Josias.Campusano@cordobalegal.com,2026-08-26,T-MOBILE,1231408490,Android,"SAMSUMG GALAXY A35","Creditor X not blocking this #855-425-8155 (TODAY CASH). *""Not blocking the calls from the list of ""blocked numbers""*","Blocked List",,"Client not answering (3 days)","O: Unable to reach the client, VML.
O: Unable to reach the client, VML.",,,
test,Guillermo.Malagon@hiredexpertscol.com,2026-08-26,test,test,Android,test,"test test test",,,,,,,
"Booker Washington",Alex.Consuegra@cordobalegal.com,2026-08-26,Spectrum,CORDOBA-1235940660,Android,Samsung,"The app is telling the Cx that he has received 4 VM but it is not letting him to hear them. *""Voicemail recording""*",Setup,"In progress","Account Canceled","E:I was trying to reach our client on behalf to the following issue “ The app is telling the Cx that he has received 4 VM but it is not letting him to hear them.” but there was an answered machine as dialed.

E:  I was able to reach our client on behalf to the following issue “
when he has received 4 VM but it is not letting him to hear them, error: NOT PRIVET KEY ""0036,.

Last Creditor version v1.6.2 updated (Most recent version)
Phone has been rebooted.    We are internally working about this issue
E: App settings
Creditor X “ Clear app storage /Cache.
Password recovery
Voice recording : on.

This messages cant be play now, "" voice mail corrupted. "" when tap any available messages.
This messages cant be play now, voice mail corrupted.

E:Latest version. 1.9.3
WIFI : ON ./DATA USAGE ON (Balance conections)
App has been close/open.

Messages “Messages “ voice mail corrupted. “ ” Routed with T3. DEV


E:I was able to reach our clients on behalf to assist him about the following issue “ The app is telling the Cx that he has received 4 VM but it is not letting him to hear them “.

CREDITOR X Latest version. 1.9.3
WIFI : ON ./DATA USAGE ON (Balance conections)
App has been close/open.

Messages “Messages “ voice mail corrupted. “ ” Routed with T3.

Galaxy S25 /Spectrum.

Follow up.

E: Account cancelled.  9/23/2026",,hiredexperts.atlassian.net/browse/HED-1743?atlOrigin=…,
"Bouazza Kostali",Laura.Arciniegas@cordobalegal.com,2026-08-25,T-mobile,CORDOBA-1244486176,IOS,"Iphone 17","""associated phone number missing from external data"" phone number confirmed and it was a cellphone not a land line","First Login",,"Client not answering (3 days)","O: I'll be more than glad to assist you with this issue. When the first login cannot be generated and we receive this error alert: *""Associated phone number is missing from external system data""*, it is because the user does not have the Work phone or Cell Phone section filled on FORTH CRM.

O: Unable to reach the client, VML.
O: Callback scheduled 8/28/26.

*For future reference:*
TS on creditor X Guide: http://172.30.1.31:3000/article.html?id=phone-number-missing",,,
"Kendrick levi",rosbelym@cordobalegal.com,2026-08-25,T-MOBILE,1245119459,IOS,"Iphone 16 pro max","Keep getting phone calls from creditors after adding it manually 573-449-5250. *""Not blocking the calls from the list of ""blocked numbers""*","Blocked List",,"Resolved with cx","E:I was able to reach our client on behalf to the following issue: “Keep getting phone calls from creditors after adding it manually 573-449-5250”.He has received a call at 3:43PM 8/25/2026

As client provide us the info:Incoming call Date : 8/25/2026 at 7:40AM :Creditor: CHECK N Go. It has been blocked since : 3:34pm 8/25/2026 phone number type: Original creditor. Subscriber: 15734495250 . Client was educated about it. We did receive a request for a blocking number, as he had sent it via Creditor X, authorized by our database for being blocked, its done!

App version : V1.4.1 IOS.
Carrier: T-MOBILE

/Settings: Features do not disturb when collectors agency call. Done! *
-/Settings : Features do not disturb when creditors calls / Done
/HOME: Call forwarding/blocking: active.. (Green color).

Solved!",,,
"Priscilla TOSTADO",353644e78b0e4697b46eb078cef17ca7santiago.yate@cordobalegal.com,2026-08-24,AT&T,1230008050,IOS,"iphone 16","The app says that her phone number is incorrect.","First Login",,"Resolved with cx","E:I was Able reach our client due to the following issue :” Phone number is incorrect.

-Contact Updated (Form) executed Trigger ID: 188, Core_CRM.
-App has been uninstalled old version
-Internet confection: ON.
-Creditor X New version V1.4.1 IOS Most recent version via app_store.
Tap, “is this your 1th time to login “.
User ID: 1230008050 / last 4 of her SSN/date of birth.
Setup her own password, minimal 8 characters, at least 1 uppercase letter, lowercase letter, 1 special character for being done.
-Setup call forwarding.
-Voice mail recording : Turned on.
- Suggested/blocked number. Turner on call forwarding.
Settings: Features do not disturb when collectors agency call. Done!
-Settings : Features do not disturb when creditors calls / Done!
Settings /USSD Command is done. Activation “ succeeded ! .

Solved!",,,
"Peter Argyris",Saray.Beltran@cordobalegal.com,2026-08-25,AT&T,1232452590,IOS,"iph 17 pro max","assosciated number missing from external data","First Login",,"Client not answering (3 days)","O: I'll be more than glad to assist you with this issue. When the first login cannot be generated and we receive this error alert: *""Associated phone number is missing from external system data""*, it is because the user does not have the Work phone or Cell Phone section filled on FORTH CRM.

O: Unable to reach the client, VML.

*For future reference:*
TS on creditor X Guide: http://172.30.1.31:3000/article.html?id=phone-number-missing

E: I was trying to reach our client but there was an answered machine as dialed.

E: I was trying to reach our client but there was an answered machine as dialed.",,,
"Jeri Layman",andres.quiroz@cordobalegal.com,2026-08-25,"Consumer Cellular",CORDOBA-1246819904,IOS,"Iphone 6","Cx tried to login but an error message popped up. She will send us the screenshot of this error. Thanks","First Login",,"Client not answering (3 days)","O: Unable to reach the client, VML.
E: Ring not answered as dialed.
O: Unable to reach the client, VML.",,,
"Gloria G Mejia",rromero@cordobalegal.com,2026-08-24,"Consumer Cellular",CORDOBA-1226836599,Android,"Samsung Galaxy","wen client tries to block a number, the app tells her ''it says under review''. *""Number showing under review""*","Blocked List",,"Resolved with cx","E:I was Able reach our client due to the following issue “wen client tries to block a number, the app tells her ''it says under review'”.

Client was educated it is normally,

Best buy_ Citi bank, +8778365674, 8664192078 / 8778365629, are being blocked into our platform, peer client request sent by : CreditoR x app. Control panel. They are currently blocked, ADDED DATE: 08/08/2026 03:01PM BBY/CBNA

-Old version has been uninstalled.
-Last version has been installed at : V1.6.2 Android.
-Password recovery
-Temporary password has been sent to the client emails.
-Username: 13234765289 +temp password sent via email at: gloriagmejia25@gmail.com
-Setup her own password, at least 1 lowercase, uppercase letters, 1 characters in total 8 characters.
Success!
Grantee permission allowed,
Allow cal blocking : Yes.
Defualt_caller ID APP: YES (Creditor X ).
Carrier: Consumer Celular.
Call forwarding/blocking: active.
Voice mail Recording : Enable (Last 3 month only more than 3 Seconds ).

Settings: Features do not disturb when collectors agency call. Done!
-Settings : Features do not disturb when creditors calls / Done!
-Educated about blocked/suggested number, how does it works.

Call forwarding was being tested, regular Contact number, wont be redirected it is just for creditors Subscriber DID.

Solved!",,,
"Kaylyn Baake",Laura.Arciniegas@cordobalegal.com,2026-08-24,Espectrum,CORDOBA-1229961233,Android,"Samsung S21","cx is having the error of ""Associated phone missing from external data ""","First Login",,"Client not answering (3 days)","O: I'll be more than glad to assist you with this issue. When the first login cannot be generated and we receive this error alert: *""Associated phone number is missing from external system data""*, it is because the user does not have the Work phone or Cell Phone section filled on FORTH CRM.

O: Unable to reach the client, VML.

E: Ring not answered as dialed.

*For future reference:*
TS on creditor X Guide: http://172.30.1.31:3000/article.html?id=phone-number-missing",,,
"Traci Paseka",Ronald.Lara@cordobalegal.com,2026-08-24,AT&T,1245149019,IOS,"iphone 11 pro","""Verification required, clik on continue and sign. verification required."" Apple store doesn't allows client to download the app.",Setup,,"Client not answering (3 days)","O: Unable to reach the client, VML.
E:Ring not an answered as dialed.
E:Ring not an answered as dialed.",,,
"Ralph Simpson",Josias.Campusano@cordobalegal.com,2026-08-24,Verizon,1239641049,IOS,"Iphone 12 Pro Max","The app froze after he block the number while clicking on the Add+ button. *""Nothing happens when the click submit""*","Blocked List",,"Client not answering (3 days)","E: I was trying to reach our client due to the following issue: App is frozen when clicking on add button.

E:There was a ring not answered as  dialed.

E:There was a ring not answered as  dialed.",,,
"Jacquelyn Scott",Leidy.Sanchez@cordobalegal.com,2026-08-24,VERIZON,1228590774,IOS,N/A,"The App Does not allow her to block the phone calls. *""Not blocking the calls from the list of ""blocked numbers""*","Blocked List",,"Client not answering (3 days)","E:Client has told us, She wont takes a call righ now, she would like to be reached after  5:00PM .

E: Ring not answered as dialed.",,,
"Lisandra Rodriguez",Catalina.Garzon@cordobalegal.com,2026-08-24,T-mobile,CORDOBA-1230749129,IOS,"Iphone 15 pro max","Cx gets an error message when she fills out her user ID, las 4 SSN and DOB. *"" Wrong credentials""*","First Login",,"Resolved with cx","E:Unable to reach our client, ring not answered as dialed.
E:Client has told us, he is looking for somebody to assist him, he is  not easy going to do this by his own way, he will talk to his son. Client has told me he does not need help for now.",,,
"Eldridge Peterson",samuel.angel@cordobalegal.com,2026-08-24,AT&T,CORDOBA-1208795782,IOS,"IPHONE 14","CX Tried to do password recovery when cx puts in the info system saids user not found, cx saids he already made the first log in
Password_recovery",Auth/Login,,"Client not answering (3 days)","E: Client has told us, please reach him back after 5:30PM
E: Ring not answered as dialed.",,,
"Camden Gilliam",Julian.Hernandez@cordobalegal.com,2026-08-18,"Mint Mobile",CORDOBA-1228157009,Android,"OnePlus Nord N30","Client have completed the setup and there is no calls blocked at all, and also it was not completing the process to add new numbers. *""Not blocking the calls from the list of ""blocked numbers""*","Blocked List",,"Client not answering (3 days)","E: I was trying to reach our client but there was an answered machine as dialed.
E: I was trying to reach our client but there was an answered machine as dialed
E:I was trying to reach our client but there was an answered machine as dialed",,,
"Xiomara Sanchez",Andres.Guerrero@cordobalegal.com,2026-08-24,AT&T,1235645716,IOS,"Iphone 17 pro","phone number says that is incorrect and registration failed","First Login",,"Client not answering (3 days)","O: Unable to reach the client, VML.
E: I was trying to reach our client but there was an answered machine as dialed.
O: Resolution:
-Installed new Version for iOS: V1.4.7
-First time Log in Grayed out
-Closed the app and opened back, and still the same.

E:  Answered machine when dialed.",,,
"Teresa F Lovejoy",samuel.angel@cordobalegal.com,2026-08-17,T-mobile,CORDOBA-1239921276,Android,motorola,"cx does the password recovery and system saids: error user not found after cx put all the right info in
Password_recovery",Auth/Login,,"Client not answering (3 days)","O: Thanks for sharing this issue with us. First make sure that the client has the latest version. The username can be either the email address or the phone number; please try using the phone number, including the area code. (13044128949)

O: Unable to reach the client. VML
O: Unable to contact the client. VMlL.
E: There was an answered machine as dialed.",,,
"Noel Fernandez",Esnaider.Garzon@cordobalegal.com,2026-08-17,T-Mobile,1236272020,IOS,"Iphone 17 Pro Max","This cx downloaded the app, but for some reason he says that the fisrt time login option does ont work. When he clicks that option, but nothing happens. *"" Is this your first login section unresponsive""*","First Login",,"Client not answering (3 days)","E: I was trying to reach our client due to a grayed out button, when tap, ""is this your 1st time login."" . Nobody has answered.

E: Ring not answered.
O: Unable to reach after 3 attempts.",,,
"Laura Mann",304a91de81b644f6aab52b022db63f5dLaura.Cocinero@cordobalegal.com,2026-08-27,AT&T,1237967177,IOS,"Iphone 14","client said numbers added manually say under review.*""Number showing under review""*","Blocked List",,"Client not answering (3 days)","O: unable to reach the client, VML.
E: I was trying to reach our client but there was a ring not answered as dialed.",,,
"Josa King",Laura.Arciniegas@cordobalegal.com,2026-08-10,AT&T,CORDOBA-1232455184,IOS,"Iphone 17","""Is this your first login"" option is not working, it happens nothing. *"" Is this your first login section unresponsive""*","First Login",,"Client not answering (3 days)","E: I was trying to  reach our client, but there was an answered machine as dialed.

O: Unable to reach the client, VML.

E: Ring not answered as dialed.",,,
"Angel Aguilera",Julian.Pena@cordobalegal.com,2026-08-11,AT&T,CORDOBA-1227143229,IOS,"Iphone 17 pro","The client reported that they blocked multiple phone numbers, but the same number keeps trying to call them. The application informs the client that the number is still under review to be blocked. The client reported the phone number last week and it remains under review. *""Number showing under review""*","Blocked List",,"Resolved with cx","E: I was able to reach our clients relate to a creditor blocking features whose not working at all. They are currently displayed on his CREDITOR X APP, sections /Block list, but he is till receving calls from the following subscriber list :

18007101892,
18772085256
 18888009030.

We have performed a test for those number, and we have got the following results :

18007101892 Chase.IVR. “
blocked” Original blocked. On control Panel.

18772085256 Unsigned. Is not displayed on control panel. Its not a creditor number.

18888009030 Bank of america. IVR Original blocked.

Please go to :

Settings: Features do not disturb when collectors agency call. Done!
Settings : Features do not disturb when creditors calls / Done!

Solved!",,,
"Susan M Nickles",304a91de81b644f6aab52b022db63f5dLaura.Cocinero@cordobalegal.com,2026-08-11,Verizon,1221466129,Android,"samsung galaxy 25","Client still receving error message about credantials not found password recovery, I gave her instrunctions left form zen desk, but still not working",Auth/Login,,"Resolved with cx","E:   I have reached our client relate to the following issue : “
Client still receiving error message about credentials not found password recovery, I gave her instructions left form zen desk, but still not working “.

Device: samsung galaxy 25
Creditor X version V1.5.0 has been uninstalled.
Creditor X version V1.5.1 has been installed via play store/ OPEN, Updated on
Aug 11, 2026
Click on :Recovery password, but there is an error whose say “User not found” by
trying with { Phone,,ID}, Recovery email : susannickles1949@gmail.com was done, ther is a temporary “Lower case “” password + username: Phone/email to get fully authenticated on the app.

Username: 904-438-0440 “It must be used any times “
Temporay password: ***** Set his own password.
Retype a new password, 'Lowercase Including special characters.
New password has been assigned. It works.

Error: Entered username and password is incorrect.
Try: susannickles1949@gmail.com as username. Done! It works.
temporary password.

Acces warranty !

Settings : Carrier : Verizon
USSD COMMAND #1 #2, “Red color displayed” Press “Dial “
Completed USSD CODE : YES. /Send required ussd Command. All creditors call will be redirected to the Call center.

Please go to :
Settings: Features do not disturb when collectors agency call. Done! *
Settings : Features do not disturb when creditors calls / Done! *
Set as default app. Warranty permissions ON.
Voice mail recording : ON. For their last 3 months only.
Block sections has been setup, Migrated from the suggested list on Creditor X APP.

Home page : Call forwarding /bollockings are being activated. “Turned on green “.

Solved! Fixed !",,,
"Deborah Bedward",Andersson.Acosta@cordobalegal.com,2026-08-11,T-Mobile,1231042804,Android,"Samsung Galaxy S25","The customer experienced issues logging in for the first time. In the section requesting the User ID, the last 4 digits of their SSN, and their Date of Birth, they repeatedly received a 'wrong credentials' error message. After validating the details, we confirmed the User ID was correct, but the last 4 digits of the SSN did not match our records. I advised the customer to send a photo of their ID to update the information. Although the system updated successfully, the same error message persisted during the next login attempt. I then advised them to uninstall and reinstall the app to clear the cache and ensure they had the latest version, but the issue remained unresolved. *"" Wrong credentials""*","First Login",,"Resolved with cx","E: I WAS TRYING TO REACH OUR CLIENT RELATE THE FOLLOWING ISSUE : WRONG CREDENTIALS BUT THERE WAS AN ANSWERED MACHINE AS DIALED.

O: Unable to reach, VML.

O: Resolved with the client.

*Resolution:*
- SSN Updated by Tier 3
-Followed the steps for the first log in successfully.
-The Inbound calls settings were properly configured and call forwarding is showing active. :white_check_mark:.",,,
"Jacquelyn Scott",Carlos.Tarazona@cordobalegal.com,2026-08-11,Verizon,1228590774,IOS,"iPhone 15","Listed numbers are still calling and the list is under review when the client adds a number. *""Not blocking the calls from the list of ""blocked numbers""*","Blocked List",,"Client not answering (3 days)","O: Please for this type of escalation provide with the numbers that appears ""under review"" to validate.

If we verify that these numbers are being blocked and the calls are still coming through, we need to follow ""Calls are not being forwarded — 6-Step Checklist"" on creditor X guide to make sure that the call forwarding is working properly.

Creditor X Guide - ""Calls are not being forwarded — 6-Step Checklist""
172.30.1.31/article.html?…


E: E: I WAS TRYING TO REACH OUR CLIENT BUT THERE WAS AN ANSWERED MACHINE AS DIALED.

O: Unable to reach the client, VML.",,,
"Brentina Varnado",jnunez@cordobalegal.com,2026-08-11,c-spire,1231280828,Android,N/A,"The carrier isn't available in the options to log in.","Carrier List",,"Client not answering (3 days)","O: For this carrier, the customer must select AT&T and follow the remaining steps. Unable to reach the client, VML.

E: Not answered as dialed.

O:Unable to reach the client, VML.",,,
"Murray Richards",Ronald.Lara@cordobalegal.com,2026-08-11,T-Mobile,1243826122,Android,"Samsung 15a","We were on the set up process, first time steps completed until the 4 digits code. After complete that field, we had the screen returned to the begining, client was not able to login using the password created, neither using ""is this your first login"" option.",Auth/Login,,"Resolved with cx","O:To ensure we don't carry over errors from the previous version, we need to reinstall the app and use the password recovery feature (client's account has been created already). Once the password is recovered, the remaining steps can be completed.

O: Unable to reach the client.
O: Client has been assisted according to the notes on forth .",,,
"Thomas Percival",mateo.rojas@cordobalegal.com,2026-08-11,AT&T,1214995290,Android,"Samsung S25","The app shows an error with the phone number","First Login",,"Resolved with cx","O: When the first login cannot be generated and your receive this error alert *'Associated phone number this missing from external system data'*, it is because the user does not have a phone number registered in FORTH CRM. Please verify that cell phone and home phone are filled on forth.

O: Unable to reach the client VML

O: Resolved with the client

*Resolution:*
-Number duplicated on forth CRM.
-App updated to the latest VS.
-Followed the steps for the first log in successfully.
-The Inbound calls settings were properly configured and call forwarding is showing active. :white_check_mark:",,,
"Wanda Crawford",38cd0fea77e741da85e4dc1331110ae9Juan.Lievano@cordobalegal.com,2026-08-11,.,1239919074,IOS,"iPHONE 14","When the client is trying to log in,  her app stop working after she click on"" is this you first time log in ? "" *"" Is this your first login section unresponsive""*","First Login",,"Resolved with cx","E: I was able to reach our client in order to let her knows, we have already found a solution based on her Creditor X APP.   Client has told us, it has been working now, so we will close her tickets, client has told us thanks for all. Email was being sent to the client about how to walkthrout the app.

Solved!",,,
"Johnson Randy",mateo.rojas@cordobalegal.com,2026-08-10,AT&T,1229357087,IOS,"Iphone (does not know the reference)","He tries to login for the first time but the client ID is not working","First Login",,"Client not answering (3 days)","E: I was trying to reach our client relate to the following issue : He tries to login for the first time but the client ID is not working, but there was an answered machine as dialed.
E: Notbody has answered the phone.
O: Unable to reach the client after 3 attempts.",,,
"Yolanda Guzman",jnunez@cordobalegal.com,2026-08-10,N/A,1228582575,IOS,"iPhone 15","When the client is trying to log in,  her app stop working after she click on "" is this you first time log in ? "" *"" Is this your first login section unresponsive""*","First Login",,"Resolved with cx","E:I was able to reach our client on behalf to the following issue :
When the client is trying to log in, her app stop working after she click on "" is this you first time log in ? "".

-Wifi: ON.
-Creditor X old version has been uninstalled
-Creditor X new version has been installed. “Released v1.6.2 ” . via app store library.
• Creditor X has been launched!
• Click on “ Is this your 1st time to login “.
Settings
Display & Brightness
Text Size “ Please reduces the size of their font buttons to get it done! Select the minimum size to fully setup even displaying all buttons on the APP, Fonts (Label buttons functions) displayed for commanding, When tap..

Tap: APP refresh.
Creditor X shutdown process.
Creditor X Relaunched.
General /about : Version 26.6, Iphone: 15.
Software update.
Phone has been restarted.

Open Settings and tap Screen Time.
Tap Content & Privacy Restrictions.
Select Content Restrictions and tap Apps, then change it to Allow All Apps.

App is working now! Client has been registered on the app.

Solved!",,,
"Daniel J Haslam",rosbelym@cordobalegal.com,2026-08-10,Xfinity,CORDOBA-1220594565,IOS,N/A,"client is using the app but he's still getting phone calls from creditors. *""Not blocking the calls from the list of ""blocked numbers""*","Blocked List",,"Client not answering (3 days)","O: In this case we need to confirm that the call forwarding properly configured. Please follow ""Calls are not being forwarded — 6-Step Checklist"". Below I'll leave the step- by-step

E: I was able to reach our client but there was an answered machine as dialed.

O: Unable to reach the client, VML

172.30.1.31/article.html?…",,,
"Michael Foucault",brayan.pulido@cordobalegal.com,2026-08-10,T-Mobile,CORDOBA-1240598943,IOS,Iphone,"When the client clicks on ""Is this your first loginf"" nothing happens, he is not able to move foward. *"" Is this your first login section unresponsive""*","First Login",,"Client not answering (3 days)","E: I was trying to reach our client, relate to the following issue:  is this your 1st login is grayed out, no functionally button.  There was an answered machine as dialed our client.

O: FIRST ATTEMPT TO DOWNLOAD THE NEW VERSION IOS 1.4.6.

E: Ring not answered as dialed",,,
"peter Parker",Guillermo.Malagon@hiredexpertscol.com,2026-08-12,Test-Mobile,000000,Android,"Oppo 2026","Testing please","Carrier List",Completed,"Resolved with cx","E:TESTED FIELD TR2 FORM, NON IN QUEUE.",,,
"Shantrice Littlejohn",Josias.Campusano@cordobalegal.com,2026-08-10,T-Mobile,1230010757,IOS,"iPhone 13","Customer is unable to create an account, is asking her for credentials she doesn't have.","First Login",,"Client not answering (3 days)","E:  Awaiting for a new version of  creditor X APP

O: FIRST ATTEMPT TO DOWNLOAD THE NEW VERSION  IOS 1.4.6. VML

E: Ring not answered",,,
"Deborah Teall",Saray.Beltran@cordobalegal.com,2026-08-10,Verizon,1232821263,IOS,"Iphone 16","""associated phone number is missing from external system data"" whe she tried to first login","First Login",,"Resolved with cx","O: When the first login cannot be generated and your receive this error alert *'Associated phone number this missing from external system data'*, it is because the user does not have a phone number registered in FORTH CRM. Please verify that cell phone and home phone are filled on forth.

Client has been assisted according to the notes,  NFA.",,,
"Lisa Finn",Josias.Campusano@cordobalegal.com,2026-08-08,"Metro PCS",1225496759,Android,"not specified","added number for Discover who's been calling client from 866-408-4070 and added the number within the app and showing under review for about a week and calls still coming through. *""Number showing under review""*","Blocked List",,"Resolved with cx","O: We contacted the customer, dialed ##002# to correctly configure call forwarding, and successfully followed the six steps for call forwarding according to the Creditor X guide.",,,
"Kathleen Rice",Juan.Yanez@cordobalegal.com,2026-08-07,"Consumer cellular",1235963649,IOS,"Iphone 11","Is not letting her log in and introduce the credentials / trubleshoothing provided.","First Login",,"Resolved with cx","E: I was trying to reach our client due to the following issue : Login Failures,  or Login Fail, it would be a wrong credentials, due to a mismatched records entered by the client. Client would be guide with a basic trouble shoot, into the creditor X APP,

There was a voice mail recorded when tried to reach our client to bring support on Creditor X APP

E: I was able to reach our client but she has told us, please reach her back for about 1 hours

E: OUTBOUND FOLLOW UP, CREDITOR X SUPPORT APP.
* Verification Code: Date of birth/last 4 of her SSN.
* If no verification code, Was Full Name and last 4 of SSN verified (Yes or No):YES
* Reason for CB: FOLLOW UP. CREDITOR X PREFIX XXX.000.000 DOES NOT WORKS.. WHEN BLOCK FEATURES.
* Resolution Provided:

E: Error message.
THE BLOCK OF THIS NUMBER HAS BEEN REJECTED, ""Please contact support team for more information, when trying to single “ add ” a creditor manually blocked, from : 8553025006 Creditor “ Reach financial. Client has confirmed us, it was being made at 6:00AM.

Each number is not listed into Admin panel
Phone number: 9553022506, has been tested,
Its is an invalid phone number as verified on our ends.

-Please go to : Creditor X ./Settings
-Carrier : Consumer cellular Grade carrier (AT&T)
-USSD has been setup.
-Settings: Features do not disturb when collectors agency call. Done!
-Settings : Features do not disturb when creditors calls / Done! .
-Dismiss, Press :YES
Suggested/blocked list. Performed. Prefix : 9553022506 not in used.. Not available in database, DID : 9553022506 its not listed as a primary phone number to be added into the black list. Client was educated about it even how does it works.
Client is happy, app is currently working property.",,,
"Oscar Lebron",Daniel.Sierra@cordobalegal.com,2026-08-07,Verizon,1231172439,IOS,"iPhone 17 Pro Max","Client have not selected the Carrier and aborted process to activate USSD command. You have already login - message received when trying to log in back. Active status in green color shown in creditor call forwarding. Just wanted to see if it was set up correctly the calls re-route.",Setup,,"Client not answering (3 days)","E: Great!!, Int this case according to provide a certain resolution due to this matter, Please confirm us, if there is a login failures, or Any relate messages, such as External phone number is not listed from the external system, because of there is a missed information on forth, relate to : 347-630-6483, on forth, it must be duplicated to get this resolved, please educated the agent, to use the ""Creditor X Guide "" .

When forwarding active "" when retrieved or even dismissed USSD COMMANDS, in order to check Check Call Forwarding Status Codes, Our client may dial : *#21# OR It works for all All Forwarding / Unconditional Status:

E:Tried to reach our client but there was an answer machine as dialed.

E:Tried to reach our client but there was an answer machine as dialed.

O: Unable to reach the client VML.",,,
"Lester Cox",Maria.Quinones@cordobalegal.com,2026-08-07,"Consumer Cellular",CORDOBA-1228137448,Android,"Samsung A15","Cx block the creditors number but he still receiving calls from the creditor on the same number that cx already block. *""Not blocking the calls from the list of ""blocked numbers""*","Blocked List",,"Client not answering (3 days)","E: Please follow ""Calls are not being forwarded — 6-Step Checklist"" on Creditor x Guide.

E: Ring not answered as diaeled.

E: Ring not answered as diaeled.

O: First attempt to download the new version of Android 1.6.2. VML.",,,
"Lana Shields",robertc@cordobalegal.com,2026-08-07,"T mobile",CORDOBA-1216632944,Android,"Samsung Galxy A35 - 5G","customer getting error invalid code when entering the SMS and she is doing it within the minute","First Login",,"Client not answering (3 days)","E: Unable to reach the client VML and SMS trying to reach sent. Please confirm with the client if the number in the file is not a landline, and try to log in again with her username and password.

I was trying to reach our client, due to the following error : Customer getting error invalid code when entering the SMS and she is doing it within the minute, but there was an answered machine as dialed.

*Old version v1.5.0 was uninstalled.
*I have sent creditor X Email in order to download a last version V1.5.1 for android, ""Getting on google play "" ' Cordoba Creditor X LLC. "" .APP.
App has been Installed. /OPEN.

>> TAP "" Is this your 1st time to login "" .
>> Privacy concern ""Accepted "".
>> Last 4 of her SSN ****
>> Date of birth: *****
>>
>> Client, has told us, I will reach her back at 4 clock, because of she may need to get in touch with the doctor right now.
>>
E:Not answered as dialed.

O: Answered machine as dialed after 3 attempts.

O: First attempt to download the new version of Android 1.6.2. VML.",,,
"Henry Chapman",Maria.Quinones@cordobalegal.com,2026-08-07,verizon,CORDOBA-1242639088,IOS,"iphone 16 pro max","cx cannot type the carrier, only show AT&T but he doesn't have that carrier, at the same time he try to go back but then it show that the phone already login but he never finish the process to login","Carrier List",,"Resolved with cx","O: Contacted the client and recovered the password successfully. We tried putting the code are (+1) it worked. We completed the USSD command and selected the right Carrier. NFA",,,
"Laurie Ryan",Maria.Cortes@cordobalegal.com,2026-08-06,verizon,CORDOBA-1240816022,Android,android,"creditor X app is not letting her create the password",,,"Client not answering (3 days)","E: Under investigation. Answered machine as dialed.

E: Answered machine as dialed after 3 attempts.

O: First attempt to download the new version of iOS 1.4.6. VML.",,,
"Liliya Yakovenko",Saray.Beltran@cordobalegal.com,2026-08-06,T.mobile,1205665025,IOS,"Iphone 11","cx report the app is blocking all the vm she receive, not just for the blocked numbers. cx report the app is blocking all the vm she receive, not just for the blocked numbers. *""All the calls blocked, including the list of contacts""*","Blocked List",,"Resolved with cx","E: I was able to reach our client on behalf to the following ticket” cx report the app is blocking all the vm she receive, not just for the blocked numbers

Device: Iphone 11
Network: T mobile.
Creditor x APP has been updated at the last version.
Please dial ##002# from the phone, in order to canceling forwarding calls. Cancel all forwarding
Client was educated, please Dial “ ##21# in order to disable call forwarding or even dial ##004# as well.
IMSI:/SIMCARD ON,
Settings, tapping Apps, and selecting Default Apps on creditors X
Voice mail recording : Turned on .
Default app setup.

 I was able  to do a test call, at the subscriber phone : 847-873-5654, it was being redirected to the voice mail after  12 seconds of ringing time attempts  5,  t the original phone instead of the  generic extension “#120 “

Resolved!!",,,
"Denise Hampton",rosbelym@cordobalegal.com,2026-08-06,"AT & T",CORDOBA-1229366826,Android,android,"Wrong User ID or Password.","First Login",,"Resolved with cx","E: I was able to reach our client, relate to the following issue:  Wrong user ID OR Password., but there was an answered machine as dialed.
Unable to reach our client ,   it was being routed to an answered machine as dialed.

I was able to reach our clients in order to assist her with her Creditor X. app due to the following issue Wrong User ID or Password.

- Phone: 773-706-0220 has been duplicated on forth CRM, assisted by ext99 opt 2, who assist Mateo.
-Carrier : AT &T

-Device : Samsung galaxy A 26 Current/Upgraded OS Support: Up to Android 21 (6 major generational upgrades promised).

-App was being uninstalled
-App has been downloaded.
-App has been updated at the last version V1.5.0 Android Via play_store library. Cordoba Legal Creditor x LLC.
-App has been already installed.
-Please click on “ is this your 1st time to login “ ID: 1229366826,last 4 digits of your SSN,Enter your date of birth in the requested format. MM-DD-YYYY but The command Button, “Next “ is not going any further.


*Settings
Tap Apps or Apps & notifications.
Select the specific app you want to change (such as Chrome or Facebook).
Tap Storage or Storage & cache.
Tap Clear cache. Do not tap ""Clear data"" or ""Clear storage,"" as that will erase your saved info and sign you out.

Internet is on. App has been updated at the last version V1.5.0
API_ responses ok.. 200 ok. Non mi-smashed data on Core CRM.

Clear cache Data.
Phone has been rebooted. “Turned off/on “
Mobil data : on.

It does not go any further, when setup her date of birth, when submit.

Client was educated to go :
Adjust Font Size / Display,
Select Font size was being setup,( text smaller ) Slider left.

when setup her date of birth, Please select her username, it would be
her Email address, or even her phone number. Them Created a new password.

It must be at least 8 characters, such as : 1 lowercase, letter, 1 uppercase and 1special character.

-Press /Click on “Done “ . !

New password has been assigned to her account “ Press OK “. !
Enter her 4 digit code whose has sent into her mobil phone : 773-706-0220

Then Press Next!

Carrier : AT&T
USSD : DONE. Call forwarding: Active. USSD Command #1 # 2 Done!! Registration was Successfully

CREDITOR CALLS BLOCKING AND FORWARDING :ACTIVE

• Settings: Features do not disturb when collectors agency call.
• Settings : Features do not disturb when creditors calls /
* Call forwarding turned on. App has been setup as default app.
Voice mail recording : ON.

App is currently working now!!

Issue has been fixed ! Client happy.",,,
"Bruce M Ayers",Alejandro.Centeno@cordobalegal.com,2026-08-12,Verizon,CORDOBA-1239491509,Android,"Samsung A17","Cx is trying to set up the account but in the USSD section is not allowing to conitnue",Setup,,"Client not answering (3 days)","O: After verification, it was confirmed that the USSD command was not sent correctly; therefore, it was not possible to proceed. When the USSD command is sent, a series of numbers will appear on the phone keypad. Once the number is called, a confirmation will be received, then the user can then return to the app, where the command will appear in green ( if there are more than one, we just need to repeat the process) and the option to proceed will become available.

O:Unable to reach the client VML.

E: I was trying to reach our client relate to the USSD COMMAND setup, but there was a ring not answered as dialed.

O:Unable to reach the client VML.

E: Unable to reazch our client.",,,
"Troy Baumann",Jessi.Correa@cordobalegal.com,2026-08-12,Verizon,1237270727,IOS,"Iphone 16","As soon as he clicks ""is this your first login"" nothing happens. *"" Is this your first login section unresponsive""*","First Login",,"Client not answering (3 days)","O: Under investigation.


E: Thank for the info;  We are currently experiences some issues  still having  an issue, relate to the Event ""Is this your first login  "" on Creditor X APP,

 We are still developing a new released version For IOS back soon, to get this resolved, Thanks so much for let us knows the issue, relate to this  ""Grayed out button "".

O: First attempt to download the new version of iOS 1.4.6. VML.

E: Ring not answered as dialed.",,,
"Lola carter",Alejandra.Montana@cordobalegal.com,2026-08-17,at&t,1234239505,IOS,"Iphone 15","The cx cant move forward on the app, iD is not working","First Login",,"Resolved with cx","E: I was able to reach our client back regarding to the following issue “ Client is trying to register but the option to do it is grey out we tried to delete and re-install the app and it is still the same. Cient has told us, please reach him back for about 10 minutes because of he does not have enough signal at his current locations.

App has been uninstalled,
App has been installed at the last recent version v1.4.1 IS
Device: Iphone 17


Creditor X support.
I was able to get in touch with the client relate to the following issue :” Wrong credentials “

App has been updated at the last released version : V1.4.1 IOS “Iphone 15 “ .
App has been closed.
App has been reloaded once again.
“Associated phone number is not associated “ when 1th login “
Phone number has been duplicated on forth,
Try: Customer IDCORDOBA-1234239505 registered.
Setup new credentials.
Accept privacy policy.
Settings /USSD Command is done. Activation “ succeeded !
Carrier :AT&T.
Settings: Features do not disturb when collectors agency call. Done!
-Settings : Features do not disturb when creditors calls / Done! .
-Voice mail recording : turned on.
- Allowed only last 3 months on voice mail database.


Solved!",,,
"Tami Smith",Josias.Campusano@cordobalegal.com,2026-08-14,verizon,1229352178,IOS,"iphone 17 pro","client unable to properly sign in for first log in producing credential error. *"" Wrong credentials""*","First Login",,"Resolved with cx","E:I was able to reach our client on behalf to the following issues “
client unable to properly sign in for first log in producing credential error. “

App has been close/open.
App has been launched.
Primary ID : CORDOBA-1229352178  setup.
*New password has been assigned “
-Call forwarding: Enable.
-Creditor call blocking/forwarding active.
-Voice mail recording ON.
-USSD COMMAND SETUP / CARRIER SETTINGS DONE..
-Settings: Features do not disturb when collectors agency call. Done!
-Settings : Features do not disturb when creditors calls / Done! .
-All features are fully setup with out any troubles, app is working property.

“All suggested numbers were being moved into the blocket list.
Creditor call blocking/forwarding active.

APP is working property now!
Solved!",,,
"Gloria G Mejia",304a91de81b644f6aab52b022db63f5dLaura.Cocinero@cordobalegal.com,2026-08-17,Consumer,1226836599,Android,"Samsung Galaxy","Is not letting client add a number, says number under review. *""Number showing under review""*","Blocked List",,"Resolved with cx","O: Resolved with the client.

*Resolution:*
-Followed ""6 - Steps call forwarding"" successfully.
-The Inbound calls settings were properly configured and call forwarding is showing active. :white_check_mark:.
-Confirmed that the number is blocked on the admin Panel.",,,
"Mark Bromberg",Jorge.Lopez@cordobalegal.com,2026-08-17,at&t,1232415253,Android,"samsung A 12","when client is putting id and email it leads him  to second page ans  sends a code doesn't allow him to pass from seconds page",Setup,,"Resolved with cx","E:I was trying to reach our client but there was an answered machine as dialed.

E:: Creditor X FOLLOW UP. Confirmation was done under the last interaction with the client, saying their Creditor X app is working.",,,
"Carolyn Cooke",sebastian.zapata@cordobalegal.com,2026-08-17,T-MOBILE,CORDOBA-1235903983,IOS,"Iphone 14","The CX reported that she is having issues with her calls as the app it´s blocking all the calls she it´s receiving. I verified with 2 numbers (8438231052 - 8433254049) and this numbers are not reported in the app. Tried to help the CX with the CreditorX guide. *""All the calls blocked, including the list of contacts""*","Blocked List",,"Client not answering (3 days)","E:I would be more than glad to internal verify whats going on, relate to the following subscriber 8438231052 - 8433254049 mentioned by the client, in order to looking for a solutions on behalf of those DID, Subscriber phones.

E:I was trying to reach our client but there was an answered machine as dialed.

E:I was trying to reach our client but there was an answered machine as dialed.

E: Voice mail",,,
"Daniel Foxx",304a91de81b644f6aab52b022db63f5dLaura.Cocinero@cordobalegal.com,2026-08-17,AT&T,1228774026,IOS,"Iphone air 17","When client hits is this your first log in, is not doing anything. *"" Is this your first login section unresponsive""*","First Login",,"Client not answering (3 days)","O: This Issue is still under review by the development team, once we release the new version we'll contact the client.

O: Unable to reach the client, VML.

O: Answered machine as dialed.
E: Ring not answered
Reschedulled a callback at 4:00pm  8/20/2026",,,
"Mark Bromberg",Julian.Hernandez@cordobalegal.com,2026-08-17,AT&T,CORDOBA-1232415253,Android,"Samsung A12","On the verification steps after setting up the account, after confirmed identity the keyboard on the phone will not change to Alpha/Numberic, but then only change to alpha. Client not able to place email in order to receive 6 digit code.",Setup,,"Resolved with cx","O: I was trying to get in touch with the client regarding that issue, but it went straight to voicemail. (1st)

E: Creditor X FOLLOW UP. Confirmation was done under the last interaction with the client, saying their Creditor X app is working.

E: Ring not answered as dialed.",,,
"Renita Green",b464f0604b4045baa95ded47fa08425aLaura.Camargo@cordobalegal.com,2026-08-15,T-Mobile,1228586388,Android,"sammung galaxy s","she is having issues with creditor x because when she still receiving calls from the creditors so at the begining it works but not now. *""Not blocking the calls from the list of ""blocked numbers""*","Blocked List",,"Resolved with cx","E:I was able to reach our client on behalf to her creditor x app,  whose creditor is till calling her for a different number ID.
Call forwarding/blocking: Active.
-Call forwarding: Enable.
-Creditor call blocking/forwarding active.
-Voice mail recording ON.
-USSD COMMAND SETUP / CARRIER SETTINGS DONE..
-Settings: Features do not disturb when collectors agency call. Done!
-Settings : Features do not disturb when creditors calls / Done! .
-All features are fully setup with out any troubles, app is working propertly.

Provide a quick education about how to suggest a creditor phone number to moved into the black list, or even click on the top right corner “Add” to manually adding a creditor. I have sent a quick references about it via email.


APP is currentlly working 100% setup!!",,,
"Don Ferguson",jnunez@cordobalegal.com,2026-08-14,AT&T,CORDOBA-1231217966,Android,Samsung,"error coming up when client attempts to log in: Client is not able to create a new password, he is following the steps to create it and nothing is working","First Login",,"Client not answering (3 days)","E:I was trying to reach our client but there was an answered machine as dialed.

E: Answered machine as dialed.

E: Answered machine as dialed.",,,
"Bruce Dennis",Valentina.Lavelez@cordobalegal.com,2026-08-14,"Boost Mobile",1231216356,Android,"Samsung Galaxy A16","customer contacted us to report that he is having issues setting up the  CreditorX, when he places his ID, the password and the DOB it gets an ""error"" code.  we confirm to the customer the user id, customer create a new password and he said it only says ""error"", *""Phone number missing from the external system data""*","First Login",,"Resolved with cx","E: I was able to reach our client relate to the following issue:
 “Error” as when tried to login on the app.

Contact number has been updated on forth as duplicated: 504-914-1346
App has been uninstalled “Old version ”.
app has been installed “Last version “, 1.5.0 Android. /OPEN
Privacy accepted.
Identity : ID 1231216356 “ Important for authentications purposes.
Date of birth : xxxxx
hit confim.
Email : brucedennis36@gmail.com
Please create a new password ******** *(It must be lowercase) at least 8 characters,
them hit next! “Done”.
Settings: Carrier : Boost mobil.
USSD COMMAND IS DONE. 1# 2# done!
Registration successfully !
Completed: USSD Code: YES.

USSD COMMAND SETUP / CARRIER SETTINGS DONE..
-Settings: Features do not disturb when collectors agency call. Done!
-Settings : Features do not disturb when creditors calls / Done! .
-Enable blocking on..
-App has been set as default/ = granted permissions
-Select all suggested numbers. Submit.

App is currently working now!!",,,
"Everette Powe",304a91de81b644f6aab52b022db63f5dLaura.Cocinero@cordobalegal.com,2026-08-14,"Millry comunicators",1228596189,Android,"Samsung galaxy  s26","When client tried to set up creditor x app shows error that says, phone number is missing from external system data.  *""Phone number missing from the external system data""*","First Login",,"Client not answering (3 days)","OO: Unable to reach the clientO: When the first login cannot be generated and your receive this error alert *'Associated phone number this missing from external system data'*, it is because the user does not have a phone number registered in FORTH CRM. The number has been duplicated on file already.

O: Unable to reach the client

O: Unable to reach the client, VM Full.

O:First attempt to download the new version of Android 1.6.2.",,,
"STEPHEN FLOR",Carlos.Solano@cordobalegal.com,2026-08-14,Verizon,CORDOBA-1229070027,Android,"Galaxy A14","Cx´s phone in the app right now (502-894-0966) is a land line. It needs to be switched to 502-702-4917, which is the cx´s cellphone on file. *""Client has changes cellphone number""*","Blocked List",,"Resolved with cx","E:I was able to reach our client relate the following Creditor X situations “

Cx´s phone in the app right now (502-894-0966) is a land line. It needs to be switched to 502-702-4917, which is the cx´s cellphone on file “

Client has told us, he is currently busy right now, so that he wont be able to talk with us, he would like to talk with us on Monday next week

E: Ring not answered as dialed.

E:I was able to reach our client in order to assist him with his Creditor X APP, due to the following request: Cx´s phone in the app right now (502-894-0966) is a land line. It needs to be switched to 502-702-4917, which is the cx´s cellphone on file “

Phone has been updated, Client has told us, he was able to setup his call forwarding by his own, even blocking creditors by their own way, he does not need Creditor X as sa main APP, to blocks creditors..",,,
"Flora Bramwell",Daniel.Zorro@cordobalegal.com,2026-08-14,verizon,1227119690,IOS,iphon,"the cx 1227119690 have an issue with the creditor x
 , she already set up the account and can not log in,
 she already try with the email and the phone number
 but says user not found. Is an iphone, the carrier
 is verizon",Auth/Login,,"Resolved with cx","E:I was able to reach our clients, due to the following issue “ the cx 1227119690 have an issue with the creditor x , she already set up the account and can not log in, she already try with the email and the phone number but says user not found. Is an iphone, the carrier
 is verizon


Creditor x old, version uninstalled.
Creditor X new version V1.4.1 IOS has been installed via app store.
Creditor X launched.
All permissions : Allowed.
Tap “ Is this your 1s login “
Please acept the policy and concerning.
Enter ID: 1227119690
last 4 of her SSN / Date of birth.
Messages “ You have already logged on the app before '
Hit “ Password recovery “ performed by : 505-320-5943 but it says, user not found, tried : anbram@gmail.com. Tried with : ID


Settings app.
Select General.
Scroll down and tap on iPhone Storage.
You will see a list of all installed apps on your device. ...
Tap on Offload App. ...
Once the app is offloaded, you can reinstall it from the App Store.
Forth_ Data_base_ contact “0000000 “ , Saved/unsaved, them updated fiels” Home Phone /Cell Phone = 505-320-5943 updated!
Temporary password has been sent to her email addres: onanbram@gmail.com,
Setup her own password. Minum characters 8, at least 1 wrong,

Username : onanbram@gmail.com Password “ ***** (Credentials ) for being used any times.

Solved!! ,",,,
"Alfredo Gonzales",rosbelym@cordobalegal.com,2026-08-14,verizon,1234263918,IOS,"Iphone 17","wrong credentials","First Login",,"Resolved with cx","E:  I was able to reach our clients, in order to setup creditor X APP, due to a wrong credentials, mismatch information relate to login attempts.

-Carrier: verizon
-Device Iphone 17
-Creditor X old version has been uninstalled.
-Creditor X new version v1.4.1 IOS.

Tried to created a new credentials, but it says,
“You have already logged in this app before “
tap: Recovery password, Subscriber: 806-778-4081, has been registered,

*New password has been assigned “
-Call forwarding: Enable.
-Creditor call blocking/forwarding active.
-Voice mail recording ON.
-USSD COMMAND SETUP / CARRIER SETTINGS DONE..
-Settings: Features do not disturb when collectors agency call. Done!
-Settings : Features do not disturb when creditors calls / Done! .

APP is currently working now.",,,
"Tara L Phillips",andres.quiroz@cordobalegal.com,2026-08-12,Cellcom,CORDOBA-1230988107,IOS,"Iphone 14","Wrong credentials even we got the phone number duplicated and tried the basic TS.","First Login",,"Client not answering (3 days)","E: I was trying to reach our client relate to the following issue: *Wrong credentials even we got the phone number duplicated and tried the basic TS. but there was an answered machine as dialed.*

E:Answered machine as dialed.

O: First attempt to download the new version of iOS 1.4.6. VML.

E: RING NOT ANSWERED
E: RING NOT ANSWERED",,,
"Joann Hilberger",Maria.Quinones@cordobalegal.com,2026-08-14,verizon,CORDOBA-1236079850,IOS,"iphone 15 pro max","cx is trying to bloque the creditor number but The application is not blocking the numbers. *""Not blocking the calls from the list of ""blocked numbers""*","Blocked List",,"Client not answering (3 days)","O: In this case we need to follow "" Calls are not being forwarded - 6 Steps"" on Creditor X guide. Unable to reach the client (1st)

O: Unable to reach the client, VML.
E: Ring not answered as dialed.",,,
CORDOBA-1228602127,Luis.Agramonte@cordobalegal.com,2026-08-14,Verizon,"Sandra Fink",Android,"Samsung Galaxy S23","The client can't set up a password to log in. She said she tried with several options that meet the requirements for a password but gets an error and is unable to proceed.","First Login",,"Client not answering (3 days)","E:There was an answered machine as dialed.
E:I was trying to reach our client due to the following issue: The client can't set up a password to log in. She said she tried with several options that meet the requirements for a password but gets an error and is unable to proceed.

E: Anwered machine as dialed.


O: Unable to reach the client. VML",,,
"Juvenal Diaz",ed78d2d63bc44c32b310fdbf5bd37a7fAngie.Novoa@cordobalegal.com,2026-08-13,T-Mobile,1200557599,IOS,"iPhone 17","The cx says he can't log into the Creditor X application because it doesn't recognize his password. Troubleshooting was performed, but even though the passwords match, when he click on next the application continues to display an error.",Auth/Login,Completed,"Resolved with cx","E:Client has told us, he is currently working right now, please reach him back at 3:30PM
Rescheduled a callback : 3:30 PM

E:  I was trying to reach our client but there was an answered machine as dialed.

E: Client has told us, he was able to follow up a Quick Setup & and Guide to setup his Creditor X  APP,  by saying us, it has been working property without any troubles, he says thanks for my helps!  All Forwarding/blocks  features are currently in use relate to his APP.

Situation has been resolved! Happy customer!",,,
"Kathleen Rice",ed78d2d63bc44c32b310fdbf5bd37a7fAngie.Novoa@cordobalegal.com,2026-08-13,"Consumer Cellular",1235963649,IOS,"iPhone 11","The cx tells us that she is still having problems getting the Creditor X app to block calls from creditors. She mentions that someone previously told her that numbers starting with 800 cannot be blocked, and that when she enters her provider (Consumer Cellular), it is not listed in our system as an option.","Carrier List",,"Resolved with cx","E: I was trying to reach our client but there was an answered machine as dialed.


E:
E: Error message.
THE BLOCK OF THIS NUMBER HAS BEEN REJECTED, ""Please contact support team for more information, when trying to single “ add ” a creditor manually blocked, from : 8553025006 Creditor “ Reach financial. Client has confirmed us, it was being made at 6:00AM.

Each number is not listed into Admin panel
Phone number: 9553022506, has been tested,
Its is an invalid phone number as verified on our ends.

-Please go to : Creditor X ./Settings
-Carrier : Consumer cellular Grade carrier (AT&T)
-USSD has been setup.
-Settings: Features do not disturb when collectors agency call. Done!
-Settings : Features do not disturb when creditors calls / Done! .
-Dismiss, Press :YES
Suggested/blocked list. Performed. Prefix : 9553022506 not in used.. Not available in database, DID : 9553022506 its not listed as a primary phone number to be added into the black list. Client was educated about it even how does it works.
Client is happy, app is currently working property.",,,
"Booker Washington",rosbelym@cordobalegal.com,2026-08-13,Spectrum,CORDOBA-1235940660,Android,N/A,"You log in before",Auth/Login,,"Resolved with cx","E:I was able to reach our client in order to assist him relate to the following issue “Login failures ”or “ You have alredy logged in before ”.

-Creditor X old version has been uninstalled.
-Creditor X new version 1.5.1 has been installed/ OPEN.
-Click on Password recovery, “use not found “
-Click on Password recovery, “ bookerw5542@gmail.com “ Done!
-Temporary password has been sent to : bookerw5542@gmail.com
• Username : bookerw5542@gmail.com , Password: ******* (Temp).
• Setup his own password requirements at least minimum 8 chapters!
• - Call blocking : Enable,”Permission”.
• Select Creditor X as default app.
• Creditor call blockign forwarding : Active “ Green color ”.
• Settings /Carrier : Spectrum.
• USSD Command 1# 2# Done!
• Settings: Features do not disturb when collectors agency call. Done!
• Settings : Features do not disturb when creditors calls / Done! .
• Voice mail recording, turned on..
• Block sections/SUggested list/
• App is currently working without any troubles !  100% ",,,
"Rachael Tobin",Alex.Consuegra@cordobalegal.com,2026-08-13,SPECTRUM,CORDOBA-1226815421,Android,"Samsumg Z flip 6","Calls are not being blocked. Per Cx it says that is under review from more than a week. *""Number showing under review""*","Blocked List",,"Client not answering (3 days)","O: Thank you for letting us know. In this case we'll have follow the ""Calls are not being forwarded — 6-Step Checklist"" on creditor X Guide. Unable to reach the client (1st).

E: I was trying to reach our client relate to the following issue ""
Calls are not being blocked. Per Cx it says that is under review from more than a week:"" but there was an answered machine as dialed our client.

O: First attempt to download the new version of Android 1.6.2. VML.",,,
"Demetra Young",Maria.Cortes@cordobalegal.com,2026-08-13,AT&T,CORDOBA-1230762980,IOS,"Iphone Pro Max","unexpected error on the page with the acct number and SSN but the info is correct","First Login",,"Client not answering (3 days)","E: Thanks! for sharing this information with us, its very important for us looking for an effective solutions due to this matter relate with the Creditor X APP, Remember to write down the error messages it has for us to determine whats seems to be the trouble when authentication failures occurred. "" it may need to be documented "".
<@U0985P4K5FZ>

E:I was trying to reach our client, but there was an answered machine as dialed.

O: First attempt to download the new version of iOS 1.4.6. VML.",,,
"Ellsworth Price",Alejandro.Centeno@cordobalegal.com,2026-08-13,Verizon,CORDOBA-1230876080,IOS,"Iphone 17","Cx is trying to set up Creditor X app since the begining but once cx tap on first login nothing happens. *"" Is this your first login section unresponsive""*","First Login",,"Client not answering (3 days)","E: I appreciated too much! I would be more than glad to assist our client, relate to the following issue "" *Cx is trying to set up Creditor X app since the beginning but once cx tap on first login nothing happens, Currently we are still developing a new version of CREDITOR X APP, FOR IOS, to get this resolved, regarding to ""Grayed out"". not commanding button functionally.*

E:I was trying to reach our client but there was an answered machine as dialed.

:I was trying to reach our client but there was an answered machine as dialed.
O: First attempt to download the new version of iOS 1.4.6. VML.",,,
"Erica Norris",Saray.Beltran@cordobalegal.com,2026-08-13,"xfinity mobile",1231244465,Android,"Samsung galaxy","cx report the app is blocking all the vm she receive, not just for the blocked numbers. *""Voicemail recording""*",Setup,,"Client not answering (3 days)","O: Thank you for letting us know. In this case we'll have to call ##004# using the phone keypad to reconfigure call forwarding. Once that is done, return to the app, follow the ""Calls are not being forwarded — 6-Step Checklist"". Unable to reach the client (1st).

E: I was trying to reach our client relate to their call forwarding features commanding for being setup, but there was an answered machine as dialed.

O: Unable to reach the client, VML.",,,
"Eric Blakely",Dayan.Duarte@cordobalegal.com,2026-08-13,T-Mobile,1239140040,IOS,"Iphone 17e","Client is trying to register but the option to do it is grey out we tried to delete and re-install the app and it is still the same. *"" Is this your first login section unresponsive""*","First Login",Completed,"Client not answering (3 days)","E:I was trying to reach our clients, in order to provide support, but there was an answered machine as dialed.

E: Ring not answered.

E: Client has told us, please reach him back for about 10 minutes because of he does not have enough signal at his current locations.



App has been uninstalled,
App has beein installed at the last recent version v1.4.1 IS
Device: Iphone 17

I was able to reach him back, in order to let him knows, we are still working on behalf to this scenarios on IOS., to get this resolved, we are going to reach him back once we internally fix it.

*----- 8/20/26 ----*
O: We deleted the app and downloaded it again; once downloaded, I confirmed with the client that the version was at the bottom showing 1.4.6. We tried with the first time log in and din't work. We tried closing the app, but still getting the same issue.

E:I have lost connection meanwhile fixing his creditor X APP

E:  I was trying to reach our client back but there was an answered machine as dialed  1th attempts,    9/18/2026

E: I was able to reach our client he has opened the link in order to download a creditor X last released version  V1.5.1, but  he has told us, to reach him back at  4:00pm due to non-signals at his area.   9/21/2026

E: Ring not answered as dialed  9/21/2026",,hiredexperts.atlassian.net/browse/HED-1745,
"Brenda Gowdy",Saray.Beltran@cordobalegal.com,2026-08-13,"Carrier: C SPIRE 70-1_AT&T",1214831540,IOS,"Iphone 13","cx cannot find her carrier on the list and cannot continue with the login process","Carrier List",,"Resolved with cx","E:  I was able to get in touch with the client relate to the following issue :  cx cannot find her carrier on the list and cannot continue with the login process.Carrier:  Cspire, its a regional player Get the best home fiber internet, wireless service powered by our blazing-fast 5G network, and managed IT, cybersecurity, and cloud solutions from C Spire.Settings   / About /  C SPIRE 70-1IMEI:350419534953441  LOCATION: Ridgeland, Mississippi,  Its a private network provider not a Tr1 carrier, not competitive carrier such as  AT&T and Xfinity'into her area, not a nationwide network provider..  Otherwise This is a priviate networks,  based on public networks....    We tried to connected with: AT&T   -Home page :   Call forwarding /bollockings are being activated.   “Turned on green

Client, was educated, I will reach her back within  30 minutes.

-Home page : Call forwarding /bollockings are being activated.

Please go to :
Settings: Features do not disturb when collectors agency call. Done!
Settings : Features do not disturb when creditors calls / Done! .

USSD COMMAND IS DONE ! Engage with : AT&T networsk.

Client was educated, if there is any issue relate to her main network provider “” C SPIRE 70-1. she may need to ported out each number into an other carrier such as Xfinity mobil or AT &T, just in case when callforwarding would have any further problems,

APP Is currently working property, are features are currently turned on,  call forwarding is enable !

Solved!",,,
"Michael Taylor",Mateo.Salazar@cordobalegal.com,2026-08-27,Verizon,CORDOBA-1239216678,Android,"google pro ten","CX is having an error to do the OTP Log In
SS uploaded

Password_recovery",Auth/Login,,"Client not answering (3 days)","O: Resolution:
- We first confirmed the the latest vs Was installed.
- Followed the first log in steps.
- When introducing all the formation showed Authentication unauthorized.
-We confirmed all the information and tried again, still showing the same issue.

E: I was able to  reach our client on behalf to the following issue :  Authentication unauthorized,, but he has told us, please reach him back for about  1 hours,

E:This will be considering  something relate to Session  expired, with internal token,    Follow up .

E: Client has told us, please reach him back on Monday because of he wont be able to talk with us right now.

E: I was able to reach our client, relate to : An  error to do the OTP Log In,   But there was a ring not answered as dialed.
E: Ring not answered as dialed.",,,
"Carla Poisel",Monica.Munar@cordobalegal.com,2026-08-27,Cricket,1211114181,Android,"Moto G power 2022","The customer try to login and change the password, she had the message that the changes were made but when she try to login and click next nothing happens, we delete and download the app and she keeps having the same issue.

Password_recovery",Auth/Login,Completed,"Resolved with cx","O: Resolution:
-We first confirmed the latest vs for Android was installed: 1.9.1

- When trying with the password recover it sent her to create a new password without asking any kind of information as usual (email, username, etc).
I asked her to opened it back and still the same. As a test, I asked her to create a new password that met all the requirements; once that was done, the client tried to proceed, but the button remained unresponsive.

- We also checked her inbox to confirm if an email was sent to her, nothing received.

**Under investigation**

E: I was able to reach our client on behalf to the following error: Wont change the password, Client was educated,. Go to password recovery, Please reboot the phone.

 Still working under follow up.


*---- 8/31/26 ----*

O: Resolution:
-The client deleted the app and reinstalled it to get the latest Android version: 1.9.3.

-When the client opened the app and asked her to create a new password.

-As a possible resolution for this error, we went to the settings and cleared the cache for Creditor X. We closed and reopened the app, but the same error occurred: ""Create a new password"".

- I asked her to restart her cellphone. I called her back, authenticated her identity before proceeding with the call. We opened it the app again and still the same.

-As a test, I asked her to create a new password that met all the requirements; once that was done, the client tried to proceed, but the button remained unresponsive.

-- Under investigation--


E:I was able to reach our client on behalf to the following issue : The customer try to login and change the password, she had the message that the changes were made but when she try to login and click next nothing happens, we delete and download the app and she keeps having the same issue.
Creditor X Device

Creditor X, last version Android: 1.9.3 has been downloaded via google_play.
Creditor X, has been installed.
Launched.
Click on, is this your 1th time to log in . There is an error to load the app library

I have already setup a new email, Redirected link on forth.

Link: play.google.com/store/apps/details?hl=en_US&…

E: Client has told us, please reach her back at 1:00pm 9/1/2026 Because of she is currently into a doctors appointments.

E: Settings
Display size and text.
Font size.
Smaller

Its only displaying, Password requirements. 2 fields only..

E: I was able to reach our client on behalf to the following issue “ The customer try to login and change the password, she had the message that the changes were made but when she try to login and click next nothing happens, we delete and download the app and she keeps having the same issue.”

Settings
Display size and text.
Font size.
Smaller
Kill process on creditor X.
App has been uninstalled.
Creditor X APP has been installed once again last version 1.9.3
Phone has been restarted.
Apps (or Apps & notifications
See all apps
Tap Storage & cache “Both of them were being cleared”.
Notifications/
-Creditor x has been launched.
• Password recovery !
• Username : cpoisel64@hotmail.com + temp password routed to the email address on file : cpoisel64@hotmail.com to for login purposes.
• Go to username/ password *(Temp password ). Done!

The system is being requested an User ID, last 4 digits of SSN / Date of birth. Before setting a new password, but it gave it to her a following error

“ you have already on the app before. ” This is an internal code sentences error.

User ID, last 4 digits of SSN, Date of birth.

-Error ” you have already on the app before. “

App has been reinstalled, “cache “ .

Reinstalled the app, clearing cache “” but nothing happends. Routed to DEV, TR3, For testing purposes, there is a line whose not matching, when ""try/catch "" JASON or even requesting a query, bethen, authentications get matched, but its staying saying
” you have already on the app before. “.

*9/4/26 -------------------------------------------*
O: The password recovery issue has been resolve by the Dev team. Unable to reach the client (1st attempt).

E: Status, switched out to : Pending, for us to  perform a second attempts on  9/5/2026,.because of  our client was being reached today.

E: E: I was able to reach our client in order to assist her relate to the following issue:
When trying with the password recover it sent her to create a new password without asking any kind of information as usual (email, username, etc).


-Setting
-APP
-Tap creditor X / storage = Clear cache / Data.
• Close the app,
• Open the app (Creditor X ) “Launched, up and running.
• -Tap : Recovery password/ Username : “cpoisel64@hotmail.com ”
• Date of birth
• Temp_Password sent to : cpoisel64@hotmail.com
• ”You should have received a temporary password
• Please go to her inbox (),where she will see their temporary 1 time password.
• Setup her own password. Minimum 8 characters, 1 upper_case _letter, 1lower_case letter, and 1 special characters for being setup. All done!
• After entering a temporary password, the system has been asking for a Last 4 of his SSN, like the 1st login template.
• We tried again.
• Temporary password had sent to her email,
• login fail.
• App has been uninstalls.
• Creditor X APP has been installed.
• -Broswer Google chrome (Default_app).
To continue using your account please confirm your identity, by entering her user ID:
User_ ID : 1211114181 Error : You have already on the app before.
Temporary password has resent, authentication is done! But it has been redirected to filled out, her : USER ID, Last 4 of her SSN and date of birth. Nothing happens.

Error ” You have already login into this app before “
We tried with the “ Phone “ 830-285-6930 but it says wrong credentials.

E: I was able to reach our client in order to assist her with an authentication failures Follow up.

Settings /Storage Clear data/cache.
Creditor X old version has been uninstalled.
Creditor X new version has been downloaded.
Creditor X new released version updated (1.10.0)
Password recovery has been completed!
New temp password was being sen to : “cpoisel64@hotmail.com ”
New password/ confirmed password ok.
New password has been assigned.
Registration was being successfully.
USSD command setup.

Solved! Client is happy! :stars:","D – The test was successfully replicated, and it was determined that the error was caused by the database not reflecting that the onboarding process had been successfully completed. The onboarding status was updated, which allowed the client to log in successfully.",hiredexperts.atlassian.net/browse/HED-1742?atlOrigin=…,
"Alfredo Gonzales",Carlos.Solano@cordobalegal.com,2026-09-11,verizon,1234263918,IOS,"Iphone 15","""If you have an account set up, please use your credentials"", Wrong credentials. cx never completed the set up of the app an now ask for login/password",,,"Resolved with cx","E: Client has told us, we will reach him back at 2:00PM   9/14/2026
E:I was able to reach our client in order to assist him about “ ""If you have an account set up, please use your credentials"", Wrong credentials. cx never completed the set up of the app an now ask for login/password “

-Creditor x app versions — iOS: V1.5.0 updated!
-Click on “Is this your 1st time to login “
-“You have already logged into this app before “
Click on :

• Password recovery ( Username : 806-778-4081 + temp password sent via email
at: fredex7@yahoo.com
• Go to username : 806-778-4081 + temp password.
• - Setup his own password, at least 8 characters 1 lower_case letter /upper_case letter + 1 special characters.
• Select a new password:
• New password has been assigned to his accounts.
• Enable call blocking.
• -Settings / Carriers: AT&T
• Call_notification and notifications.
• (*) D not disturb when collectors agency calls.
• (*) Do not disturb when creditor calls.
• Voice mail recording : turned on, available
• Home: Call forwarding/blocking, active. Ussd command was done.
• Educated about block/ suggested list. / I have already sent some videos about Creditor X.
•
Solved!  9/14/2026",,,
"Christina Fazzini",robertc@cordobalegal.com,2026-09-04,AT&T,CORDOBA-1240818565,IOS,"Iphone 15","App is not letting the customer to click on first time login or introduce login info such as Username and password. And the phone number from SYNCB/ASHHOM - 800-292-7508 is not letting her adding it to the App.","Blocked List",,"Client not answering (3 days)","E: I was trying to reach our client but there was an answered machine as dialed. 9/8/26
O: Unable to reach the clieny, VML. 9/9/26
E: Answered machine as dialed  9/10/2026",,,
"Connie Norwood",Mateo.Salazar@cordobalegal.com,2026-09-08,"T-Life Mobile",CORDOBA-1249613711,IOS,"Iphone 16 +","CX needs the reset for her credentials to access her app due she tried before but were not able to complete the process and now only shows an error when places the Email and Password. Could you pls verify the options CX may have?",,,"Resolved with cx","O: Resolution:
-  iOS: V1.4.8 installed
-We followed the password recovery successfully.
-Client received the email and created her new password.
-Client selected her carrier and sent the USSD command.
-Call forwarding active.",,,
"PAULA SMOAK",Laura.Arciniegas@cordobalegal.com,2026-09-08,T-Mobile,CORDOBA-1237101709,Android,"S26 plus","CX unable to click on the SSD comands, she have alredy completed the app first login but the app is still requesting the comands",,,"Resolved with cx","O: Resolution:
-Followed the remaining steps now showing all the USSD commands green.
- Call forwarding showing green and active.
-Following app settings were configured:
*Do not disturb me with credit calls
*Do not disturb me with collection agency calls
*VM recording",,,
"Shawn M Ostenson",Laura.Arciniegas@cordobalegal.com,2026-09-08,Verizon,CORDOBA-1203685470,Android,"Galaxy S22","cx said that the app is showing him red boxes on the DOB information and is not allowing cx to place any date to continue with the login","First Login",,"Resolved with cx","*----- 9/8/26 -----*
O:Unable to reach the client, VML.

O: Resolution:
- Android: 1.9.3 Installed
- Font size has  been reduced: Phone settings > Display > Font size and style >
- We went to the first log in option and tried again.
-The client was able to enter their information without any problem.

Call forwarding activated and green :white_check_mark:

- Settings configured:
*Do not disturb me with creditors calls
*Do not disturb me with collection agency calls
*VM recording
*Push notifications
Resolved with the client!!",,,
"David Sagraves",Lukas.Garzon@cordobalegal.com,2026-09-08,"T mobile",1239624622,IOS,"iphone 13 mini and 13 pro max","cx have issues with creditor x His phone number appears on his wife's app as her phone and vice versa, they cannot fix it, they have been trying to fix it for a week now and they missed a call back from a sup",,,"Resolved with cx","E: I was able to reach our client. Performed a reset Data_base on forth, CRM Home Phone /Cell Phone, Updated on the applicants ID, instead of the coapplicants whose the main account holder, phone 6155549191 David, SAGRAVES

-Client updates by trigger Contact Updated (Form) executed Trigger ID: 188

-Error message ““ You have already login in this app before ?”

Email : has been already updated ukblue71@hotmail.com


Hit password recovery :

ID 1239624622 “user not found”.
PHONE : 615-554-9191 “user not found”.
Email: ukblue71@hotmail.com “user not found”.
Tried with : rsagraves@hotmail.com (Wife email) User not found. “

App has been uninstalled
App has beern installed.

Tried with : 1615-554-9191 (Recovery password). Recovery email:ukblue71@hotmail.com

User ID : 16154237721 + temporary password sent at the follwing email : ukblue71@hotmail.com,

Setup new password is done !
Confirm new password is done!

Password has been assigned to his account!

Settings , Carrier: T_mobil.
USSD COMMAND #1 Registration succeed! “Green color “.
Do not disturbed when creditors calls.
Dot not disturb when collectors agency calls.
Voice mail recording : ON. “Available for their last 30 days recording =>3 seconds.

Go to profile : 16154237721
Click on : Permanently delete account.” Done! By pass was being done.

Returns: Click on (is this your 1st login )
Account has been created! And setup!

Contact Data Updated

Solved (Client is happy ! :grinning:):white_check_mark::stars:",,,
"Francisco Jaramillo",Leidy.Pineda@cordobalegal.com,2026-09-08,T-Mobile,1246105733,IOS,"IPHONE 17","Cx is trying to login the the ID but when he tried to login or recovr the password the app is not letting him to continue or reset password, when he tried to login as first tine, not let him to continue with next steps",Auth/Login,,"Client not answering (3 days)","*----- 9/8/26 -----*
O: Unable to reach the client, VML.
E:  Unable to reach our client, there was an answered machine as dialed, after 2 attempts, from :  9/9/2026 and 9/10/2026.",,,
"Nathaniel Walker",Christiam.Vera@cordobalegal.com,2026-09-08,T-Mobile,1192636562,IOS,"iphone 16","Cx was trying to link his secondary cell phone number 
919-400-3800 in the app, we consulted HQ to know if we can add another phone number in the app, HQ mentioned we can add secondary phone as Home Phone, HQ update home phone info in the clients account and let me know that is how it can be added as secondary cell phone number in the app, I tried to guide the customer in the process but we could not due to there was not an option.",,,"Call Agent (Additional information)","O: Thank you for sharing this issue with us. Unfortunately, a client can only have one number linked to their Creditor X account, and the chosen number must be entered in the ""Home Phone"" section; we can place the secondary number in the ""Work Phone"" section, but Creditor X will only be able to work with one of them.",,,
"Mark Mccrary",Santiago.Solano@cordobalegal.com,2026-09-08,"Metro by T-Mobile",1241023447,Android,samsung,"Does not recognize the number as registered client in the app","First Login",,"Client not answering (3 days)","O: Unable to reach the client, VML
E: I was trying to reach our client but there was a ring not answered as dialed.
O: Unable to reach the client after 3 attempts.",,,
"Sonia Medero",Jessi.Correa@cordobalegal.com,2026-09-08,T-Mobile,1246813081,IOS,"Iphone 16","Creditor x is nor recognizing the phone number even if it´s the right one","First Login","Returned - Insufficient Information","Call Agent (Additional information)","E: *<@U09PTA3DL8G> Thanks so much for sharing the issue relate to Creditor x APP, we would be more than glad to assist you, but please educated the agent to reach our client in order to ask, whats the error messages it has got, for us to quickly identity whats going on into our database,. Agent may need to run a basic trouble shoot, into the Creditor X Guide,* 172.30.1.31/index.html  however if it does not works, we will call the client.

Tickets has been returned,. due to non sufficient information",,,
Michael,Necsy.Agudelo@cordobalegal.com,2026-09-08,vERIZON,1241432253,IOS,Unknow,"Customer is receiving error ""Unknown user or password"" however he hasn't log in for the first time.","First Login",,"Resolved with cx","E: Ring not answered as dialed  9/8/2026

O: Resolution:
-On ""is this your first login"" option we got ""unexpected error please try again later""
-We switched to WiFi and tried again. Once we switched to WiFi proceed without issues.
-We completed the remaining steps including the USSD command.
-Call forwarding showing green and active.

-Setting:
*Do not disturb me with creditors calls.
*Do not disturb me with collection agency calls.
*VM recording.
*Push notifications.

Resolved with the client :white_check_mark:",,,
"Candace Hochstetler",robertc@cordobalegal.com,2026-09-08,Visible,CORDOBA-1210231576,Android,"Samsung S24 FE","when clicking on is this your first login , is asking for user and password  not asking for the credentials then when clicking on reset ,  user not found","First Login",,"Resolved with cx","O: Resolution:
- Android: V 1.9.3 installed
- We followed the password recovery steps successfully.
- New password assigned.
- USSD Command sent.

- Settings:
*Do not disturb me with creditor calls.
*Do not disturb me with collection agencies calls.
*VM recording.
*Push notifications.

Call forwarding active and green :white_check_mark:
Resolved with the client!",,,
"Michael Alston",Andres.Guerrero@cordobalegal.com,2026-09-04,T-Mobile,1239741314,IOS,"Iphone 17e","Its not letting him download the app after delete it bc before it wasnt letting him get into the app",Setup,Completed,"Client not answering (3 days)","O: -ios version: 26.6.1
-Cache cleared and latest version for Creditor X installed.
-Font size reduced.

** Getting the same issue **

E: I was trying to reach our client but there was an answered machine as dialed /18/2026  1th attempts.

E: I was trying to reach our client but there was an answered machine as dialed.     9/24/2026",,hiredexperts.atlassian.net/browse/HED-1745,
"Karla G Grindstaff",Abraham.Oliveros@cordobalegal.com,2026-09-01,T-Mobile,1236455790,Android,"Samsung Galaxy A16","Customer is not able to check the box confirming she sent the three USSD commands. Screenshot available.",Setup,,"Resolved with cx","E:I was trying to reach our client but there was ring not answered as dialed. 9/8/2026
O: Unable to reach the client, VML. 9/9/26

E:I was able to reach our client on behalf to assist her relate to the issue “ Customer is not able to check the box confirming she sent the three USSD commands. Screenshot available.” .

Launch Creditor X last version Android: 1.9.3
Settings / Carrier : Tmobil, switched into : Verizon, in order to perform a reset networks
when commanding USSD Parameters. “ Call cant be completed “
Switched in to : “T_mobil “ .
Airplane Mode on at least 5 minutes them turned off. “.”
Select Creditor X selected as default caller app.
Creditor Call blocking and forwarding: Active.
Test call has been made at the line # 2, # 423-213-4749 in order to confirm if her regular
voice mail for contact is being setup 423-213-4749 and it works!
Creditor X :
(*) D not disturb when collectors agency calls.
(*) Do not disturb when creditor calls.

Solved",,,
"maybery Panday",rosbelym@cordobalegal.com,2026-09-09,T-mobile,1239318222,IOS,"Iphone 16","app is not sending the 4 digits verification code",Auth/Login,,"Client not answering (3 days)","E: I was able to reach our client back bu she has told us, please call  her at : (3:00pm) FL. time..9/10/2026
E: I was trying to reach our client but there was a ring not answered as dialed.
E: I was trying to reach our client but there was a ring not answered as dialed.",,,
"Steven Dennison",rosbelym@cordobalegal.com,2026-09-04,"metro pcs",1236339530,Android,"androip motorola","wrong credentials","First Login",Completed,"Client not answering (3 days)","E:I was trying to reach our client on behalf to provide an assistance relate to creditor X APP, but there was an answered machine as dialed. September 8th

E:  I was able to reach our client in order to assist him with his creditor APP,   9/9/2026

Grayed out button (1sth login is not working)
Device : Android Motorola.
*Creditor X has been uninstalled.
*Creditor X has been installed last version :Android: 1.9.3
*Settings /
Tap Apps or Apps & notifications.
Select the specific app you want to change (such as Chrome and Creditor X )
Tap Storage or Storage & cache.
Tap Clear cache. Do not tap ""Clear data"" or ""Clear storage,"" as that will erase your saved info and sign you out.
Wifi; ON.

Creditor X,
Acept the term/ conditions
Go to “Is this your first time to login “
Fist confirm your identity : 1236339530
Recovery username: stevemasonary62@gmail.com,
Temporary password has been sent to :
Expire within the next 3 minutes, released.
GO back to login: + temp password done, but as soon as she has logged into, it goes to (Is this your 1st login form) requesting the same information over again, when filled out every information it goes (You have already logged in )
Routed to Dev, regarding to an internal issues on the source code /API.

E: I was able to reach our client in order to follow up,relate to recovery password issue ( but there was a ring not answered as dialed.   9/11/2026  1st attempt.

O: Unable to reach the client, VML.  2nd attempt: 9/14/26

O: O: Unable to reach the client, VML. 2nd attempt: 9/15/26
E:  I was trying to reach our client, in order setup his creditor x app.
 The onboarding status was updated, which allowed the client to log in successfully.

IF A CLIENT REACH US BACK PLEASE EDUCATED, BASIC TROUBLE SHOT GUIDE BY USING  http://172.30.1.31:3000/category.html?id=logout

There was an answered machine as dialed  9/16/2026","D – The test was successfully replicated, and it was determined that the error was caused by the database not reflecting that the onboarding process had been successfully completed. The onboarding status was updated, which allowed the client to log in successfully.","CX - Service request: Update user 6703 to onboarding 1",
"Patsy Andrade",robertc@cordobalegal.com,2026-09-04,Verizon,CORDOBA-1228586954,IOS,"Iphone 15","App is not letting the customer to click on first time login or introduce login info such as Username and password.","First Login",,"Client not answering (3 days)","*----- 9/4/26 -----*
O:Unable to reach the client, VML.
*----- 9/8/26 -----*
O:Unable to reach the client, VML.
E: I was trying  to reach our client but there was a answered machine as dialed.",,,
"Lenny Jones",Alejandra.Montana@cordobalegal.com,2026-09-04,Verizon,1227116175,Android,"Google phone","The app is not blocking the calls","Blocked List",,"Client not answering (3 days)","*----- 9/4/26 -----*
O: Callback at 11pm (GMT-7)
*----- 9/8/26 -----*
O: The client will be out of town this week; he'll be available on September 14 after 1PM (GMT-7).
E:
I was trying to reach our client but there was a ring not answered as dialed",,,
"Rosana Ushinahua Saavedra",Diego.Gonzalez@cordobalegal.com,2026-09-04,AT&T,CORDOBA-1238980541,IOS,"Iphone 16 Pro Max","The customer cannot add her id when she wants to complete the first register","First Login",,"Client not answering (3 days)","*----- 9/4/26 -----*
 O: Cx busy
*----- 9/8/26 -----*
The call disconnected. I called her back, and it went straight to voicemail.
E: Client has told us, she is currently  driving now! please reach her back at 4:00pm   9/9/2026
E:  There was an answered machine as dialed.",,,
"Henry Nguyen",Alejandra.Montana@cordobalegal.com,2026-09-04,"Spectrum mobile",1240850114,IOS,"Iphone 12","the cx cant have access to the app",Auth/Login,,"Client not answering (3 days)","*----- 9/4/26/ -----*
O: Unable to reach the client, VML.
*----- 9/8/26/ -----*
O: Unable to reach the client, VML.
E: Ring not answered as dialed.",,,
"Debra Laughon",Andres.Guerrero@cordobalegal.com,2026-09-04,T-Mobile,CORDOBA-1246106727,IOS,"Iphone SE","Cx tries to click in the part of is this your first login? but states that without a password is not letting her tap in.","First Login",Completed,"Client not answering (3 days)","**----- 9/4/26 -----**
O: Unable to reach the client, VML.
E: I was able to reach our client relate to the following issue “When cx clicks or taps on 'Is this your first login?' nothing happens,



General > About, software updated, app care, region : USA.
-Settings / select Safari
-Scroll down and tap Clear History and Website Data.
-WIFI: ON switched on : mobil data usage.
--IOS_ Version: 18.7.8 ()
--Tap General, then tap Software Update. “ may need to be updated at “ to the last version 26.1 wont be updated meanwhile she is talking on the phone.
• I was able to reach her back for about 10 minutes once she has already update the phone.
• IOS version has been updated at the lasted version 26
• Creditor X iOS: V1.4.8 downloaded.
App has been launched
• General./ iPhone Storage.
• Scroll down and select the app
• Tap Offload App, then confirm by tapping Offload App
• Tap Reinstall App

Settings : Tap Display & Brightness./text size
Drag the slider to the left to make the text smaller.

A video was being recorded, to be sent at : support@cordobalegal.com for us to double check internally.
I have already made an escalation with DEV. To get them resolved.
Client was educated we will reach her back as soon as we may get a solution.
Email confirmation #1630958
E: FOLLOW UP,  There was an answered machine as dialed.

E: I was trying to reach our client but there was a ring not answered as dialed 9/18/2026 1sth attempt.

E:  I was trying to reach our client on behalf to the following issue : : Creditor X APP. 1st login button "" Android "" but there was an answered machine as dialed  9/24/2026

E: 1. Open the Settings app on your iPhone.
2. Scroll down and tap Display & Brightness.
3. Scroll to the bottom and select Display Zoom (or View).
4. Choose Default instead of Larger Text

Device: Iphone SE
1th login has been done. ID: 1246106727
Setup new credentials is being set.
Settings : Carrier.: At&t “Wont allow the client to select her carrier” .
Device: Iphone SE

1. Open the Settings app on your iPhone.
2. Scroll down and tap Display & Brightness.
3. Scroll to the bottom and select Display Zoom (or View).
4. Choose Default instead of Larger Text
2.

I have lost connection with the client meanwhile doing a test with Creditor X.   10/2/2026",,hiredexperts.atlassian.net/browse/HED-1745,
"Sandra Maldonado Toruno",edc8af656d2b451084f08811cba0c6ffValentina.Rivas@cordobalegal.com,2026-09-04,T-Mobile,CORDOBA-1228596955,Android,"samsung s26","Error: the phone number associated is missing from external system data please contact creditor X team","First Login","Returned - Insufficient Information","Call Agent (Additional information)","E: Tickets has returned, agent may need to get in touch with the client in order to performing a basic trouble shoot.",,,
"Kimberly Williams",samuel.angel@cordobalegal.com,2026-09-04,AT&T,CORDOBA-1248676110,IOS,"IPHONE 17 PRO","CX CANT block numbers from creditors system saids number not found","Blocked List","Returned - Insufficient Information","Call Agent (Additional information)","E: Returned tickets, we may need to get such as an accurate information, whose phone number our clients is trying to block for us to double check into our database;  Agent may need to reach our client to ask at the clients such as a certain information relate to the CREDITOR X APP.",,,
"Idell E Beddoe",robertc@cordobalegal.com,2026-09-04,"T- Mobile",CORDOBA-1228592841,IOS,"Iphone 17","the app stay spinning while doing the set up process , also ready re-install the app , closed and re open and stays the same",Auth/Login,,"Client not answering (3 days)","*----- 9/4/26 -----*
O: Callback scheduled for Sept 8th.
E: Client has told us, please  reach her back at  9:00am 9/9/2026
E: I was trying to reach our client but there was an answered machine as dialed.",,,
"Jennie Thigpen",Valentina.Lavelez@cordobalegal.com,2026-09-04,verizon,CORDOBA-1247125058,Android,"Motorola Moto G (2026)","customer contacted us to report that she is unable to use the creditorx app because it appears a message that says that the app is not available in her region (georgia)",Setup,"Call Agent (Additional information)","Client not answering (3 days)","O: I verified with the customer that the phone's region was set to the United States; it was indeed set to the United States. However, when attempting to download the app, a message still appears stating that it is not available for Georgia.

E: : I was trying to reach our client about the relate issue :
Cus*tomer contacted us to report that she is unable to use the creditorx app because it appears a message that says that the app is not available in her region (georgia) but there was an answered machine as dialed.  9/11/2026, it has more than  3 Days still open.*","D - Request the client to provide evidence, such as a screenshot.",,
"David Bartula",Daniel.Velasquez@cordobalegal.com,2026-09-04,Xfinity,1240930894,IOS,"Iphone 16","Cx is not able to set up the account one more time because he lose the information. Cx wanted to created a new account in the app.",Auth/Login,,"Resolved with cx","E: I was able to reach our client in order to assist him about setup his Creditor X APP,  by  configure a password recovery method, last version updated  iOS: *V1.4.8.  Logged out, Password recovery, username : 603-540-7015 + temp **** Has been sent to his email,  Account has been setup.* ",,,
"Thomas L Gilliam",rromero@cordobalegal.com,2026-09-08,N/A,CORDOBA-1237650348,Android,N/A,"Client is unable to add an additional phone number to the block list.",,"Returned - Insufficient Information","Call Agent (Additional information)","E: Tickets has been returned due to a missed information.  Please educated the agent, we may need a valid information for us to check in.",,,
"Kristal K Gulick",rosbelym@cordobalegal.com,2026-09-09,Verizon,1219247264,Android,"Samsung Galaxy s26 plus","Cant not login",,,"Resolved with cx","E:I was able to reach our client on behalf to assist her about the following issue “ Cant not login “.

Device :Samsung Galaxy s26 plus

*Settings
Tap Apps or Apps & notifications.
Select the specific app you want to change (such as Chrome or Facebook).
Tap Storage or Storage & cache.
Tap Clear cache. Do not tap ""Clear data"" or ""Clear storage,"" as that will erase your saved info and sign you out.
-Creditor X
• Password recovery..
• Setup new password / Confirm new password. (At least 1 lower_case_letter)
• New password has been assigned.
• Settings: Carrier : Verizon / USSD Command #1
• Voice mail recording : on./
• Do not disturbed when creditors calls.
• Dot not disturb when collectors agency calls.
• Voice mail recording : ON. “Available for their last 30 days recording =>3 seconds
",,,
"David Sagraves",Saray.Beltran@cordobalegal.com,2026-09-03,T-mobile,1239624622,IOS,"13 mini- 14 pro max","His phone number appears on his wife's app as her phone and vice versa, they cannot fix it",Auth/Login,,"Client not answering (3 days)","E: There was an answered machine as dialed, Tickets has been displayed as duplicated,  by 2 different supervisor.

New tickets has created since 9/2/2026",,,
"Cheryl Y Branson",Diego.Reyes@cordobalegal.com,2026-09-10,T-Mobile,1240219685,IOS,"iphone 16","home page not  show any options  to  block  creditors numbers manually  every time cx  try to  block  a  number  app not  show  further  options  to process","Blocked List","In progress","Client not answering (3 days)","O: Callback at 5pm. 9/11/26
O: I was unable to reach the client at the scheduled time. 9/14/26

O: -V1.5.0 · Installed
-When the client tries to add a number from the 'Suggested' section, the information is not saved. If she immediately exits and enters the page again, the number remains in the suggested list.
-We tried  deleting the cache: general> Iphone Storage> Offload> reinstall app
- The issue remains the same.

E: I was trying to reach our client but nobody has answered 9/21/2026",,,
"Laureen Wissinger",rromero@cordobalegal.com,2026-09-11,Verizon,CORDOBA-1239374479,Android,Samsung,"once she gets to were it ask for her last 4 of the ssn and date of birth the app doesn't allow her to continue.",,,"Client not answering (3 days)","E:  I was trying to reach our client but there was an answered machine as dialed. 9/14/26

O: Unable to reach the client, VML. 2nd attempt: 9/15/26
E:  I was trying to reach our client but there was an answered machine as dialed . 9/16/26",,,
"Cindy Seeber",Alejandra.Montana@cordobalegal.com,2026-09-11,Spectrum,1229975796,Android,"Samsung note 20 plus","The cx said the app didnt let her add more phone numbers, and the app never update",,,"Client not answering (3 days)","E:I was trying to reach our client but there was a ring not answered as dialed.   9/14/2026
E: :I was trying to reach our client but there was a ring not answered as dialed. 9/16/2026, more than  3 days",,,
"Blanca Moreno",rromero@cordobalegal.com,2026-09-11,Verizon,CORDOBA-1221494547,IOS,"Iphone 16","It doesn't allow him to pass over the ''Is this your first login'' option",Auth/Login,Completed,"Client not answering (3 days)","O: callback pending
O: According to a 1st login issues based on Creditor X.

-Safari was being updated.
-Creditor X app has been closed.
-Creditor X app has been launched.
-Open Settings on your iPhone.
-Scroll down and tap Apps, then select Safari.
-Scroll down and tap Clear History and Website Data.
-Choose a time frame or select All History, then tap Clear History

Clear Third-Party App Cache (Offloading)

Open Settings and go to General.
Tap iPhone Storage

Tap Offload App to remove the app while keeping your documents and data
Tap Reinstall App to re-download a clean version.

Settings :choose Display & Text Size, tried with medium size and Larger Text.

I have already sent an email about Creditor X last version updated “ iOS: V1.4.8 “
App has been launched.

-Settings/ General:
-Software version 26.6 “:
-Phone has been rebooted.

Unable to resolve the issue*******

E: Please educated the client, to setup her mobil networks, or turning on her WIFI Connections, make sure, creditor X last version iOS: V1.5.1 has been installed on her PHONE.

E:  I WAS TRYING TO REACH OUR CLIENT BUT THERE WAS AN ANSWERED MACHINE AS DIALED  9/24/2026",,hiredexperts.atlassian.net/browse/HED-1745,
"Kevin Reagan",Diego.Reyes@cordobalegal.com,2026-09-11,"xfinity verizon",1226929365,IOS,"iphone 15","cx is trying  to login for the  1rst  time app get freeze and  not  provide further  option  to even  type  his  info  cx try multiple time  but  not  working","First Login",,"Client not answering (3 days)","E:I was trying to reach our client but there was an answered machine as dialed.  9/11/2026

 O: Unable to reach the client, VML.  2nd attempt:  9/15/26
E: was trying to reach our client but there was an answered machine as dialed.  9/11/2026",,,
"Marlene Flores",Juan.Yanez@cordobalegal.com,2026-09-11,T-Mobile,1221972636,Android,"Samsung S22","Creditor X is set up with Home Phone and It should be Cell phone 
201-414-0197",Setup,,"App uninstalled","O: Unable to reach the client, VML.

O: The client only receives calls on her home phone; I explained to her that we can only redirect calls from her mobile phone. I explained to her that a POA has been sent to CBNA 2583 and TD BANK N.A. 9905 (the two creditors which are constantly calling). I offered my help to get the app installed, but she decided to ignore the calls as she’s been doing. NFA. 9/15/26

O:",,,
"Blanca Moreno",laura.suarez@cordobalegal.com,2026-09-11,Verizon,CORDOBA-1221494547,IOS,"Iphone 16","Client tried to login for the first time today but once she open the app doesn't load. We resend the link to download it thru email today, app store gave her the option to update it, client complete the process and when tried again to open the app, just keeps loading on a white page","First Login",Completed,"Client not answering (3 days)","O: According to a 1st login issues based on Creditor X.

-Safari was being updated.
-Creditor X app has been closed.
-Creditor X app has been launched.
-Open Settings on your iPhone.
-Scroll down and tap Apps, then select Safari.
-Scroll down and tap Clear History and Website Data.
-Choose a time frame or select All History, then tap Clear History

Clear Third-Party App Cache (Offloading)

Open Settings and go to General.
Tap iPhone Storage

Tap Offload App to remove the app while keeping your documents and data
Tap Reinstall App to re-download a clean version.

Settings :choose Display & Text Size, tried with medium size and Larger Text.

I have already sent an email about Creditor X last version updated “ iOS: V1.4.8 “
App has been launched.

-Settings/ General:
-Software version 26.6 “:
-Phone has been rebooted.

Unable to resolve the issue*******

E:  I was trying to reach our client but there was a ring not answered as dialed 9/18/2026

E:   I WAS TRYING TO REACH OUR CL IENT BUT THERE WAS AN ANSWERED MACHINE AS DIALED.  9/24/2026

Please educated the client, to setup her mobil networks, or turning on her WIFI Connections, make sure, creditor X last version iOS: V1.5.1 has been installed on her PHONE.

E: I was trying to reach our client but there was a ring not answered as dialed. 9/25/2026",,hiredexperts.atlassian.net/browse/HED-1745,
"Donna Massiah-Glover",Christian.Patarroyo@cordobalegal.com,2026-09-11,T-Mobile,1240810240,IOS,"iPhone 14","Is this your first login?' button doesn't work, We troubleshoot by asking the client install and reinstall the app. Client did so but the problem stayed. We check for updates based on the guide, client has current version 1.5.0 but she still not able to select the ""Is this your first login.","First Login",,"Resolved with cx","O: Unable to reach the client, VML. 1st attempt: 9/11/26

O: Unable to reach the client, VML. 2nd attempt 9/14/26
E: I was able to reach our client who answered :  Gregory Glover has told us, his creditors X is running up! Without any troubles as he says, I have already sent an email about our last version updated  for IOS  iOS: *V1.5.0* ·     9/15/2026",,,
"James Adams",Saray.Beltran@cordobalegal.com,2026-09-11,"Mints Mobile",1206285928,Android,"Samsung s22 ultra","client deleted the app but he is not receiving the voicemails now, he needs to disable it",,,"Account Canceled","E:I was able to  reach our client in order to guide him, about turned off voice mail recording on Creditor x, even erase his Creditor x Profile + uninstalling the app, but our client is currently driving

Voice mail recording : OFF.
Call forwarding is disable.
Do not disturb when collectors agency/ creditors calls.
Accounts / Click on “ Permanently delete the accounts” .
Resolution :   dial *`##004#`* to reset forwarding settings.

*Reset busy forwarding only*: Dial `##67#` and press call.
*Reset unanswered calls only*: Dial `##61#` and press call.
*Reset unreachable forwarding only*: Dial `##62#` and press cal

Client has told us, please reach him back at 3:00pm  9/11/2026",,,
"Client Roxanne",Richard.Heredia@cordobalegal.com,2026-09-11,Verizon,CORDOBA-1239922944,IOS,"iPhone 17 Pro","Client it's having issues with CreditorX as she placed phone numbers on the app and still receiving their phone calls from those numbers.","Blocked List",,"Resolved with cx","E: I was able to reach our client but she has told us, she wont be stayed on the phone right now, because of she has been working, otherwise We will reach her back on monday. 9/11/2026

O: Unable to reach the client, VML. 2nd attempt: 9/14/26

O: Unable to reach the client, VML. 3rd attempt: 9/15/26


E:E: I was able to reach our client on behalf to the following issue :
“ she already updated the app but she keep getting calls from the same phone number she already block 5133530941 EAGLE LOAN”.
Admin_panel: not in services. Due to non secure SQL  servicing.
Last call : 9/15/2026 at 6:00pm from : 5133530941
Creditor X APP has launched At the last version : Android: 1.10.0 released.
APP ID task, “End process “ / Tap : Creditor X / Restarted app and launched.
-Settings: Carrier : Verizon.
• USSD command #1 has been configured. “Up/running.
• Inbound call settings:
(*) D not disturb when collectors agency calls.
(*) Do not disturb when creditor calls.
* pIS

-Voice mail recording : turned on. Available for playing at least 30 days of voice mail database recorded messages, at least > 3 seconds.
-Home: Call blocking and forwarding_ Active.
Blocked/ suggested list “ Bring educations about how to switched a number from the suggested list.
-Push notifications setup by email/SMS, “Client preferences, or even it will be disable as well, but non notifications will be sent to the clients
-Email has been sent about how to setup creditors X due to any further cases.

Solved!",,,
"Ashley Arterberry Clark",Richard.Heredia@cordobalegal.com,2026-09-11,Verizon,1240518722,IOS,"Iphone 17 pro","Is trying to add a creditor but is not letting her SYNCB/CARECR","Blocked List",,"Client not answering (3 days)","E:I was trying to reach our client on behalf to the following issue “ Is trying to add a creditor but is not letting her SYNCB/CARECR “ but there was an answered machine as dialed.   9/11/2026

O: Unable to reach the client, VML. Second attempt: 9/14/26
E: Ring not answered as dialed  9/15/2026",,,
"Davena Mitchell",Richard.Heredia@cordobalegal.com,2026-09-11,T-mobile,1246885954,Android,"s24 Fe","Invalid credentials (she tries to put the last 4 of the ssn and her DOB",,,"Resolved with cx","O: Resolution:
-  Android: 1.9.3 installed
- We got the font size smaller: Phone settings > Display> Font Size >
Once we had the font size smaller, the client was able to fill in all the information without any problem.

- USSD command sent successfully
-Settings:
*Do not disturb me with creditors calls.
* Do not disturb me with collection agency calls.
* VM recording.
*Push notifications.

** call forwarding showing green and active **
Resolved with the client!!",,,
"Paul King",Andersson.Acosta@cordobalegal.com,2026-09-10,Verizon,CORDOBA-1240247338,Android,"Samsung Galaxy S25","After getting to the account information section and typing his userID, last 4 of SSN and DOB, there is not a Confirm button, there is only a v1.10 option at the bottom, I advised to uninstall the app and reinstall it, but we got the same issue.","First Login",,"Resolved with cx","----- 9/10/26 -----
O: Unable to reach the client, VML.

----- 9/11/26 -----
O: Unable to reach the client, VML.

----- 9/15/26 -----
O: Unable to reach the client, VML.


O: Resolution:
- We got the font size smaller: Phone settings > Display> Font Size >
Once we had the font size smaller, the client was able to fill in all the information without any problem.

- USSD command sent successfully
-Settings:
*Do not disturb me with creditors calls.
* Do not disturb me with collection agency calls.
* VM recording.
*Push notifications.

** call forwarding showing green and active **
Resolved with the client!!",,,
"Charmaine Harrison",rosbelym@cordobalegal.com,2026-09-09,n/a,1245138939,"IOS, Android",n/a,"customer continue getting calls from creditors",,,"Resolved with cx","- We first confirmed the last version was installed: iOS V1.4.8.

- We followed the password recovery steps successfully.

- I explained to her that if the numbers were not manually blocked from the suggestions list, they would not be blocked; the client understood and blocked all the numbers remaining on the suggestions list.

- Call forwarding showing active and green, 14 redirected and VM working properly.",,,
"Murray Myers",Josias.Campusano@cordobalegal.com,2026-09-10,"Not Specified",1241475086,Android,Samsung,"Date of birth didn't appear to set up, it was a blank space.","First Login",,"Client not answering (3 days)","E: Client has told us, he is currently at the hospital right now, so that he wont able to talk with us, but we will call him back tomorrows any times, relate to his creditor x APP support.   9/10/2026

O: Unable to reach the client, VML.  2nd attempt: 9/11/26

O: Unable to reach the client, VML.  3rd attempt: 9/14/26",,,
"Josiah Shinn",Josias.Campusano@cordobalegal.com,2026-09-10,Verizon,1242474001,Android,"Samsung Galaxy S26 Ultra","Client is trying to add creditor SPLASH/FTFCU to the block list but he gets an error stating that this number is under review as of now (he's been getting that error for some weeks already).","Blocked List",,"Client not answering (3 days)","O: The phone number has been reviewed and is now marked as blocked in the platform. The number should appear on the ""Suggestions"" section.  Once it is on the suggestions list, we can block it manually. :sparkles:

O: Unable to reach the client, VML.  9/10/2026
E:I was trying to reach our client but there was an answered machine as dialed.  9/11/2026",,,
"Magdalena Perez",marisleidyd@cordobalegal.com,2026-09-10,Verizon,813444481,Android,"client did not indicate","When the client enters their credentials, they report that the system does not allow them to log in; they have tried various ways, but access is not permitted.",Auth/Login,,"Resolved with cx","E:  I was trying to reach our client  but there was an answered machine as dialed  9/10/2026 / Follow up customer.

E: I was able to reach our client relate to her creditor X , relate to the following issue\
“ When the client enters their credentials, they report that the system does not allow them to log in; they have tried various ways, but access is not permitted.”


-Device : Iphone 17
-Creditor X old version has been updated at the last version (iOS: V1.4.8 · )via app store.
-Go to “ Is this your 1st time login “
Setup her own password / New password has been confirmed, at least 1 lower_case letter and uppercase letter and 1 special characters in total: 8 characters.
Accepted.
An SMS has been sent to her phone in order to confirm his account.
Hit next.
Carrier : Verizon
Creditor X: USSD COMMAND# 1 #2 Done!
Do not disturb when creditor / collectors agency: “Setup”..
Voice mail (ON) available only for the last 30 days.


Resolved!",,,
"Alfredo Diaz",rosbelym@cordobalegal.com,2026-09-10,"T/ Mobile",1244930858,IOS,"Wrong Passwords.","Wrong Passwords.",Auth/Login,,"Client not answering (3 days)","O: Unable to reach the client, VML.
E: Ring not answered as dialed  Since 9/9/2026 -  9/11/2026",,,
"Tina Smith",rosbelym@cordobalegal.com,2026-09-10,Verizon,1229080521,"IOS, Android","Does not know","Keep getting calls and voice mail from creditors",,,"Resolved with cx","E: I was able to reach our client on behalf to the following issue “ Keep getting calls and voice mail from creditors” . But our clients has told us, she has received email notifications only from voice mails, she does not wants to received all of those, even creditors emails. Client did not remember her username.

Client was educated,

• Password recovery/ Done! New password has been setup.
*Go to voice mail sections. Apply the filter.
*Select last 30 days of voice mail recorded..
*Delete all messages
• Settings / Push notifications sent by email is being disable.
In order to blocks any incoming emails from creditors, its something manage by her email provider, (“Google “), she will deny incoming messages by setup her google account in order to control her ”Span emails”. Creditors X are being designed just for blocking and preventing creditors calls/ routed call forwarding, as main features configured, not creditors emails..

Solved!",,,
"Joann Flores",Alejandra.Montana@cordobalegal.com,2026-09-09,Verizon,CORDOBA-1229369438,Android,Samsung,"The cx said creditor x is not working, the cx is receiving creditor calls",,,"Resolved with cx","E: I was trying to reach our client but there was a ring not answered as dialed.   9/9/2026

E: I was able to reach our client in order to assit him about the following issue :
“The cx said creditor x is not working, the cx is receiving creditor calls “.

We were able to check :
*Do not disturbed when creditors calls. Active!
*Dot not disturb when collectors agency calls. Active!
Home tab / Creditor X : Creditor blocked/forwarded calls is active on a green.
Solved!/ Features configured!
I have sent a video about how to walk trough the Creditor X
Educated about how to add a number from the suggested list, for being routed into the block list as well.
APP.:white_check_mark:",,,
"Leona Abplanalp",mateo.rojas@cordobalegal.com,2026-09-09,Verizon,1229599787,IOS,"Iphone 13","The app is not letting her open the voicemails",Setup,,"Client not answering (3 days)","E:I was trying to reach our client but there was a ring not answered as dialed. 9/9/2026

*----- 9/10/26 -----*
O: Unable to reach the client, VML.
E:I was trying to reach our client but there was a ring not answered as dialed. 9/11/2026",,,
"Salvador Patlan",Christian.Patarroyo@cordobalegal.com,2026-09-09,"Cricket Wireless",1237205919,IOS,"Iphone 11","After client finished entering user ID, 4 ssn, and DOD; he gets a message that the phone number is not registered and cannot continue.","First Login",,"Resolved with cx","O: I'll be more than glad to assist you with this issue. When the first login cannot be generated and we receive this error alert: *""Associated phone number is missing from external system data""*, it is because the user does not have the Work phone section filled on FORTH'S CRM.
Unable to reach the client, VML

E: I was trying to reach our client but there was an answered machine as dialed. 9/10/2026

E: Client has told us, his creditor X APP, is currently working property, therefore I have already sent a link in order to download a new creditor X version for Android Android: 1.9.3 released
9/11/2026",,,
"Sean Gallagher",mateo.rojas@cordobalegal.com,2026-09-09,Verizon,1242341095,Android,"Motorola Edge 2021 5G","The phone number is not working on this app, it says is not registered",,,"Resolved with cx","E: I was able to reach our client, and he has told us,    his creditor x APP is currently working, so that we did not perform a test.",,,
"Maureen McCulloch",Alejandra.Montana@cordobalegal.com,2026-09-09,AT&T,1243827042,Android,"SAMSUNG 21 PLUS","The issue is that the cx cant select the date of birth","First Login",,"Client not answering (3 days)","*----- 9/9/26 ------*
O: Unable to reach the client, VML.

*----- 9/10/9 -----*
O: Unable to reach the client, VML.

E: I was trying to reach our client but there was a ring not answered as dialed.  9/11/2026",,,
"Kathryn Donaubauer",Daniel.Zorro@cordobalegal.com,2026-09-09,"Spectrum mobile",1246103508,"IOS, Android",unknwown,"Client was trying to log in but was showing her the username or the password was incorrect, we used all the options for the username but dindt work, we tried to reset the password but at the moment of resetting it showed the client User couldnt be found, we used Phone number, email but any of them work, client already log in for the first time before.",Auth/Login,,"Client not answering (3 days)","*----- 9/9/26 -----*
O: If the customer already has an account the username could be either her email or phone number. If the email didn't work, please try the password recovery process using her phone number, including the area code: 1210426618. Unable to reach the client, VML.

*----- 9/10/26 -----*
O: Unable to reach the client, VML.
E:Ring not answered as dialed.  9/11/2026",,,
"Deanna Robancho",b464f0604b4045baa95ded47fa08425aLaura.Camargo@cordobalegal.com,2026-09-03,"Metro mobile",1193030838,Android,"Motorola G6","when she try to register with her information DOB and all the steps for registration shows as invalid information","First Login",,"Client not answering (3 days)","*----- 9/4/26 -----*
O: Unable to reach the client, VML.
E: I was trying to reach our client but nobody has answered. 9/8/2026.     Tickets was being created since 9/3/2026",,,
"Troy Baumann",Catalina.Garzon@cordobalegal.com,2026-09-03,Verizon,1237270727,IOS,"Iphone 16","Credentials are not working 
As soon as he clicks ""is this your first login"" nothing happens. Link is broken.","First Login",,"Client not answering (3 days)","E: I was trying to reach our clients, but there was an answered machine as dialed..
E: I was trying to reach our client on behalf to fix a 1st login issue, but nobody has answered the phone, We have made in total 3 attemps.
E: Ring not answered as dialed.",,,
"John Kearney",Daniel.Velasquez@cordobalegal.com,2026-08-28,Verizon,1240924263,Android,"Samsung pro X","Cx continue receiving calls from all the creditors and he is no able to added in the application (Creditor x). *""Not blocking the calls from the list of ""blocked numbers""*","Blocked List",,"App uninstalled","O: The client decided he's okay handling the calls. I offered to help, but he said he will try next week and let us know if he gets an issue.",,,
"Linda Carroll",mateo.rojas@cordobalegal.com,2026-08-28,AT&T,1239216992,IOS,Iphone,"The app is showing an error with the phone number, it says that is not registered, her phone number is the same that is on file. *""Phone number missing from the external system data""*","First Login",,"Client not answering (3 days)","E: I was able to reach our client,in order to assist her relate to an error  database on forth ""Not registered  phone number"" .
 318-364-7450 has been added on forth ( *Home Phone, cell phone) fields,* Contact Updated (Form) executed Trigger ID: 188 .   Creditor X email was being sent to the client in order to download our last version :  1.4.1  FOR  IOS.

Client has told us, please reach her back within  10 minutes..

E: I was trying to reach our client but there was an answered machine as dialed.

E:    I was trying to reach our client but there was an answered machine as dialed",,,
"David Sagraves",jnunez@cordobalegal.com,2026-08-31,T-Mobile,"CORDOBA-1239624622 / CORDOBA-1239624625 (Co-Applicant)",IOS,"iPhone mini 13 (Applicant) / iPhone 13 Pro Max (Co-Applicant)","Client and her wife (who is the Co-Applicant) are trying to create his Creditor X account but when they try to create it they're phone numbers are switched, on applicant's cellphone it shows co-applicant's phone number and the same is happening on co-applicant's phone number that it shows applicant's phone number...","First Login",,"Resolved with cx","E: I was trying to reach our client(Applicant ) in order  to  setup their creditor X APP,   But there was an answered machine as dialed.

O: Unable to reach the client, VML.

E: Ring not answered as dialed. Old tickets  from 8/31/2026
E: Follow up customer,    There was a ring not answered as dialed, 9/8/2026

E:-I was able to reach our client.  Performed a  reset  Data_base on forth, CRM Home Phone /Cell Phone, Updated on the applicants ID, instead of the coapplicants whose the main account holder, phone 6155549191 David, SAGRAVES

-Client updates by trigger Contact Updated (Form) executed Trigger ID: 188

-Error message ““ You have already login in this app before ?”
• Email : has been already updated ukblue71@hotmail.com
Hit password recovery :

ID 1239624622 “user not found”.
PHONE : 615-554-9191 “user not found”.
Email: ukblue71@hotmail.com “user not found”.
Tried with : rsagraves@hotmail.com (Wife email) User not found. “

App has been uninstalled
App has beern installed.

Tried with : 1615-554-9191 (Recovery password). Recovery email:ukblue71@hotmail.com

User ID : 16154237721 + temporary password sent at the follwing email : ukblue71@hotmail.com,

Setup new password is done !
Confirm new password is done!

Password has been assigned to his account!

Settings , Carrier: T_mobil.
USSD COMMAND #1 Registration succeed! “Green color “.
Do not disturbed when creditors calls.
Dot not disturb when collectors agency calls.
Voice mail recording : ON. “Available for their last 30 days recording =>3 seconds.

Go to profile : 16154237721
Click on : Permanently delete account.” Done! By pass was being done.

Returns: Click on (is this your 1st login )
Account has been created! And setup!

Contact Data Updated

Solved  (Client is happy ! :grinning:):white_check_mark::stars:",,,
"William Arthur",Valentina.Lavelez@cordobalegal.com,2026-08-31,Verizon,1220276790,Android,"Samsung A16","customer is having issues accesing on the Creditor X app, the app is requesting him a password and he doesnt know it, customer didnt have the option to reset the password

Password_recovery",Auth/Login,,"Client not answering (3 days)","O:  First attempt to download the latest version for Android: 1.9.3. VML.

E: Answered machine as dialed.
O: Cx busy. Callback scheduled (9/1/23) 3pm
E: Client  not answering after 3 attempts.  9/4/2026s",,,
"vilinda eubank",rosbelym@cordobalegal.com,2026-08-31,"Metro pcs",1235661719,Android,LG,"Wrong credentials","First Login",,"Resolved with cx","O: First attempt to download the latest version for Android: 1.9.3. VML.",,,
"David Cano",Isabella.Riveros@cordobalegal.com,2026-08-31,T-mobile,CORDOBA-1242637739,Android,"S25 Ultra","Hi team, cx is having issues opening the app, they have deleted the app and installed it again, but the app shuts dow due to a ""bug"". Can you please help us with this matter? Thanks! *""Something went wrong with creditor X""*",Setup,,"Resolved with cx","O: Resolution:
-We first cleared the cash and then went to the play store to get the update for Android: 1.9.3. Once we did that the error: ""Something went wrong with creditor X"" didn't appear

-We followed the remaining steps successfully.

- Once the client was able to log in, we went to to settings and confirmed that everything was configured properly:
*Do not disturb me with creditors calls.
*Do not disturb me with collection agency calls.
*Push notifications.
*VM recording.

-- Resolved with the client --",,,
"Dartha Sosh",robertc@cordobalegal.com,2026-08-31,"Consummer Cellular /AT&T",CORDOBA-1244720654,IOS,"Iphone 16 E","not getting te option for is this your first login? / already uninstall and install the app again but nothing.*"" Is this your first login section unresponsive""*","First Login",,"Client not answering (3 days)","E: There was answered machine as dialed.
E: There was answered machine as dialed.
O: Unable to reach the client, VML.",,,
"Jude Rodriguez",robertc@cordobalegal.com,2026-08-31,"Metro by T- mobile",CORDOBA-1231149825,IOS,"Iphone 12","Client state she is being charge. Client state the App store is asking her to attach her card or wallet to it.",Setup,,"Resolved with cx","E: Thanks! I would be more than glad to reach our clients, on behalf to the following issue ""  Client state the App store is asking her to attach her card or wallet to it. "".

Our clients may need to sign in into his APPLE ID, just for authentication purposes,  then Cancel it, but into his profile ID, there must be configured,  even his Country location : USA . Simply follow these steps on his  iPhone to update your payment method: Open Settings > Apple Account, after setup, please Restart your device.

Creditor X, email has been sent to the client.   Provide education to the client  to setup,",,,
"VIKKI PARKER",Leidy.Pineda@cordobalegal.com,2026-08-31,T-Mobile,1244811652,Android,Samsung,"Cx is having issues for login as the first time. *"" Is this your first login section unresponsive""*","First Login",,"Resolved with cx","O: Resolution:
-We first confirmed that the latest vs for Android was installed: 1.9.3
-We followed the first log in steps successfully.
-When the client was choosing her username, the ""Proceed"" button didn't appear; we checked the phone settings, reduced the font size, and the button appeared.

- Once the client was able to log in, we went to to settings and confirmed that everything was configured properly:
*Do not disturb me with creditors calls.
*Do not disturb me with collection agency calls.
*Push notifications.
*VM recording.

--Resolved with the client--",,,
"Peter Martinez",Josias.Campusano@cordobalegal.com,2026-08-31,T-Mobile,1244738227,IOS,"Iphone 13","Creditor X isn't letting him press on the ""first time signing in"" button. *"" Is this your first login section unresponsive""*","First Login",,"Client not answering (3 days)","E: I was trying to reach our client, in order to provide an effective solution due to  ""1th login ""  button, but there was an answered machine as dialed.

E: I was trying to reach our client but there was an answered machine as dialed...

E: I was trying to reach our client but there was an answered machine as dialed.",,,
"Carol Sigillo",rromero@cordobalegal.com,2026-08-29,N/A,CORDOBA-1248778709,IOS,Iphone,"When the customer presses the part that says ""Is this your first login"" it does not allow them to proceed.","First Login",,"Resolved with cx","E: I was trying to reach our client due to the following issue"" When the customer presses the part that says ""Is this your first login"" it does not allow them to proceed.""  But there was an answered machine as dialed.

E: I was able to reach our client, in order to assist her with a ""1sth login"" Creditor X APP, Client has told us, she was able to download our new updated version of creditor X  For IOS. It has been working properly now!

Solved! Our client has been logged into the app.",,,
"Deborah Bedward",Esnaider.Garzon@cordobalegal.com,2026-08-29,T-Mobile,CORDOBA-1231042804,Android,"samsumg galaxy S25","When she tries to open the app it closes because there is a bug, she said thta her OS is up to date and also the app version is the last one she sent screenshots and the ref # to find the email es #1623285. *""Something went wrong with creditor X""*",Setup,,"Client not answering (3 days)","O: First attempt to download the latest version for Android: 1.9.3. VML.

O: Second attempt to download the latest version for Android: 1.9.3. VML.

O: Unable to reach the client after 3 attempts.",,,
"Alfredo Gonzales",Diego.Reyes@cordobalegal.com,2026-08-28,AT&T,1234263918,IOS,"iphone  15","password process  not working  client  try  to  follow  step  by step  but  app not  show  pop-up or  next  step  after  request  reset  password  and  app not  provide any other  options

Password_recovery",Auth/Login,,"Client not answering (3 days)","E: Ring not answered as dailed.
O: Unable to reach the client, VML.",,,
"Peter Martinez",Alejandra.Montana@cordobalegal.com,2026-08-28,"T- mobile",1244738227,IOS,"iphone 13","When the cx tries to click ''in this your first login'' nothing happen. *"" Is this your first login section unresponsive""*","First Login",,"Client not answering (3 days)","E: I was trying to reach our client but there was an answered machine as dialed.

E: I was able to reach our client back but he has told us, he is currently working right now, please reach him back at :   Pacific time 6:15AM      currently PDT, UTC-7) is 9:15 AM   ET

* Verification Code: Date of birth /last 4 of his SSN.
* If no verification code, Was Full Name and last 4 of SSN verified (Yes or No):YES
* Reason for CB:
* Resolution Provided:

I was able to reach our client back in order to assist him with a “1th login ” grayed out button.

-Creditor X old version was being uninstalled.
-Creditor X last version has been installed.
-Standard Text Size : Settings /Display & Brightness.Tap Text Size.Drag.
Phone has been restarted/rebooted.

I was trying to reach our client but there was an answered machine as dialed.",,,
"Donna Destiso",Josias.Campusano@cordobalegal.com,2026-08-31,"Consumer Cellular",1192881429,Android,"Samsung Galaxy A15","The app says ""Wrong Credentials"". When setting it up. The client enters her DOB and SSN, and got the error. Confirmed client has the right info. *"" Wrong credentials""*","First Login",,"Client not answering (3 days)","O: Unable to reach the client, VM.
O: Unable to reach the client, VML.
E: Client did not answered since a last attemps made by the last support, on *Aug 31 ‘26  -   Sep 4 ‘26* ",,,
"Laura Mann",353644e78b0e4697b46eb078cef17ca7santiago.yate@cordobalegal.com,2026-08-28,AT&T,1237967177,IOS,Iphone14,"She keeps receiving calls from the numbers that were already blocked. *""Not blocking the calls from the list of ""blocked numbers""*","Blocked List",,"Client not answering (3 days)","E: I was trying to reach our client on behalf to the following issue :   She keeps receiving calls from the numbers that were already blocked.

There was an answered machine as dialed.

O: unable to reach the client, VML.",,,
"Pamela Bridges",Leidy.Sanchez@cordobalegal.com,2026-08-28,Verizon,1239117018,IOS,"Iphone 16","Password and Username are incorrect  and he is using the correct info",Auth/Login,,"Resolved with cx","E: I was able to reach our client back relate to the following issue ""Password and Username are incorrect and he is using the correct info."".     Device: IOS,    Iphone  16 .


I was able to reach our client back on behalf to the following issue ; Password and Username are incorrect and he is using the correct info.

-Open the app.
-Tap Password recovery. “ User not found “.
-Tap, is this your 1th login “ Grayed out button “
-App has been uninstalled “Old version ”.
-App has been updated at the last version V1.4.2 IOS
• Messages “ You have already login on this app “
• Tap password recovery “ Enter “ 316-214-1908
• Password recovery done!
• Setup a new password /confirm new password at least 8 charactersd, 1 oper case letter/lowercase letter
• -New password has been assigned to his account.
• Creditor calls blocking /forwarding Active.
• Setting/Carrier: Verizon USSD Command #1 #2 “IT must be turned on a green color ” Succeed!  
/Settings: Features do not disturb when collectors agency call. Done! *
-/Settings : Features do not disturb when creditors calls / Done
/HOME: Call forwarding/blocking: active.. (Green color).

App is currently working now!",,,
"Huyen Tran",Laura.Arciniegas@cordobalegal.com,2026-08-28,AT&T,CORDOBA-1240906418,IOS,"Iphone 15 pro max","""Wrong credentials"" confirmed user ID, DOB and SSN and all information correct in our end but still showing wrong credentials message","First Login",,"Client not answering (3 days)","O: Unable to reach the client, VML.

E: I was able to reach our client but she wont be able to talk with us right now.

O: unable to reach the client after 3 attempts",,,
"Robert Sannan",Julian.Hernandez@cordobalegal.com,2026-08-28,Verizon,CORDOBA-1210324176,Android,"Samsung S24","CreditorX blocked her sister number and other people (not creditors phones). This situation is including the voicemails left by 3rd parties that are not creditors and he would like to hear the messages, and it is including CLG VML *** 209-688-8983 is her sister please remove from the list of creditors. *""All the calls blocked, including the list of contacts""*","Blocked List",,"Client not answering (3 days)","E: I was able to reach our client back but there was an answered machine as dialed.

O: Unable to reach you, VML. (second attempt)
E: Ring not answered as dialed  9/8/2026",,,
"James Paiva",Juan.Yanez@cordobalegal.com,2026-08-28,AT&T,CORDOBA-1244736101,Android,"Samsumg S24 ultra","“Still receving calls from creditors, Getting “is getting under review when try to add it ” when adding a number on the app *""Not blocking the calls from the list of ""blocked numbers""*","Blocked List",,"Account Canceled","O: Unable to reach the client, VML.
O: Unable to reach the client, VML.",,,
"James Paiva",Maria.Cortes@cordobalegal.com,2026-08-27,AT&T,CORDOBA-1244736101,Android,"Samsung S24 ultra","cx is reporting that every number is getting under review when try to add it and keeps getting phone calls from the creditors. *""Not blocking the calls from the list of ""blocked numbers""*","Blocked List",,"Account Canceled","E:E:Thanks for sharing us the issue,  I will  reach our client in order to find out whats seems to be the problem relate to the Creditor X APP based on Android. We have launched a new version of this app, Its is important for our client, downloading a new version of Creditor X

E: I was trying to reach our due to the following error “Still receiving calls from creditors, Getting “is getting under review when try to add it ” when adding a number on the app..

Ring not answered as dialed.",,,
"John Siderakis",Jessi.Correa@cordobalegal.com,2026-08-28,"T- mobile",1227677511,Android,"Samsung S24","Creditor X would not open at all. It`s crashing out everytime. Before that happened he was able to use it however he wasn`t getting any voicemail not even for his contacts. ""*Voicemail recording""*",Setup,,"Client not answering (3 days)","E: Client has told us, when it open, it closed immediately, cache was being cleared, nothing happen. Messages “ Something went wrong “;.

-App has been uninstalled (Old version )
-Creditor X APP, (Android) has been updated at the last New version 1.9.1
-Asking him for username and password.
• Username : 17027481738
• Password recovery “
• Retype password field Does not work, its on green but does not allow him to retype a password.
• Password recovery method has done, sent via email at: jsiderakis@gmail.com, tem password done!, Tried to setup a new password, and confirmed a new password, at minium 8 characters! It has done!

Something went wrong with the creditor APP, close because of this app has a bug

Stll follow up.

O: Unable to reach the client after 3 attempts.",,,
"Albert Vasquez",mateo.rojas@cordobalegal.com,2026-08-28,T-Mobile,1223836084,Android,"Samsung Galaxy A14 5G","Cx already login for the first time but the last 3 days the app is not working for him to access, it is blocking the calls but he can not access to check the info",Auth/Login,,"Client not answering (3 days)","O: Cx busy, call back scheduled
O: Unable to reach the client, VML.
O: Unable to reach the client after 3 attempts.
E: Nobody has answered after 3 attempts.,",,,
"Dwayne Young",Daniel.Velasquez@cordobalegal.com,2026-08-28,"T- Mobile",1240913206,IOS,"Iphone 15","Cx have problems trying to login to the app (creditor x) because the application said that is not the correct information",Auth/Login,,"Resolved with cx","O: unable to reach the client, VML.
E: Ring not answered as dialed.
E:I was able to reach our client in order to assist with his creditor X APP, relate issue “Cx have problems trying to login to the app (creditor x) because the application said that is not the correct information” .

-Creditor X last version was being (uninstalled).
-Creditor X new version has been downloaded, released : v1.4.7 IOS.
- Launched on Iphone 15
• Acep (Privacy concern)
• USER_ID: 1240913206
• Last 4 of his SSN / Date o birth confirm ) but there is a messages
• whose says : “you have already logged in before “
• Click on : Recovery password “ Did not work at all by entering his ID,email or his phone number 6822480892 “ User not found.
• Reset of contact number fields was being done on forth.
• Open Settings and go to General.
• Tap iPhone Storage./
• Offload App
• Creditor X.
• Creditor x clearing cache is done. WIFI :ON.
• Recovery Username: dwayneyoung52@yahoo.com, A temporay password was being sent by email at dwayneyoung52@yahoo.com,
Client has confirmed us, he has got their temporary password, therefore if there is any issues relate with the app, he will make a phone call to us.

App was being setup / Client has told us, he will setup their USSD Command later on, however I have sent an email about how to setup all features relate to call forwarding and blocks number on a quick video references.

Solved!",,,
"Maria Corona",edc8af656d2b451084f08811cba0c6ffValentina.Rivas@cordobalegal.com,2026-08-28,AT&T,CORDOBA-1220759536,IOS,"Iphone 13","Cx is creating the passwrod and the app keeps telling her the passwords don't match. I advised using a very simple password to make sure it was not a spelling problem and it still said passwords don't match.",Auth/Login,,"Resolved with cx","O:  Resolution:
- We first confirmed that  the client had the latest vs installed for iOS: 1.4.8
- We followed the first log ins steps successfully.
- Once the client was able to log in, we went to to settings and confirmed that everything was configured properly:
*Do not disturb me with creditors calls.
*Do not disturb me with collection agency calls.
*Push notifications.
*VM recording.

--Resolved with the client--",,,
"Jared Haiola",Andres.Guerrero@cordobalegal.com,2026-08-28,T-Mobile,1228077004,Android,"Google Pixel 10 pro","It was an update on the app and after that when he opens the app, the app it closes directly. *""Something went wrong with creditor X""*",Setup,,"Client not answering (3 days)","O: Unable to reach the client, VML.
E: I was trying to reach our client but there was ring not answered as dialed. We were trying to reach our clients since 8/28/206 but nobody has answered .",,,
"John Siderakis",Monica.Munar@cordobalegal.com,2026-08-31,TMOBILE,1227677511,Android,"SAMSUNG GALAXY S24 ULTRA","Creditor X would not open at all. It`s crashing out everytime. Before that happened he was able to use it however he wasn`t getting any voicemail not even for his contacts. *""Something went wrong with creditor X""*",Setup,,"Client not answering (3 days)","O: Resolution:
-To resolve the issue of the client not receiving voicemails from his contacts, we reconfigured call forwarding by entering ##002#.

- We obtained the latest Android version: 1.9.3. Once we did that the error: ""Something went wrong with creditor X"" didn't appear
- We opened the app and completed the USSD command successfully.
- The client had to leave, so we scheduled a call. We still need to verify that the VM is running correctly and check the app configuration.


O: Unable to reach the client, VML.


O: Unable to reach the client, VML.",,,
"Julie Ungood",andres.quiroz@cordobalegal.com,2026-08-31,Verizon,CORDOBA-1240474735,IOS,16,"cx tried to hit on the new user option or forgot password but nothing happen.
Password_recovery",Auth/Login,,"Client not answering (3 days)","E: I was trying to reach our client but there was an answered machine as dialed.

O: Unable to reach the client, VML.

O: Unable to reach the client after 3 attempts.",,,
"Richard Correa",Carlos.Solano@cordobalegal.com,2026-09-03,AT&T,CORDOBA-1241009590,Android,"Samsung Galaxy A16 5G","Associeated Phone number not in system","First Login",,"Resolved with cx","O: I'll be more than glad to assist you with this issue. When the first login cannot be generated and we receive this error alert: ""*Associated phone number this missing from external system data""*, it is because the user does not have the Work phone or Cell Phone section filled on  FORTH CRM.

*For future reference:*
TS on creditor X Guide: http://172.30.1.31:3000/article.html?id=phone-number-missing

Resolved with the client:
The customer said they had already accessed the application; I offered to help verify that everything was working, but the customer kept insisting that everything was fine, NFA.",,,
"Edward Ortiz",Jorge.Lopez@cordobalegal.com,2026-09-02,disible,1240294059,IOS,"iphone 11 pro max","client is trying to enter credentials but cannot enter letters just number and when entering phone number says it's not recognized",Setup,,"Client not answering (3 days)","O : Unable to reach the client, VML.
E: Answered machine as dialed. 9/4/2026
E:  Answered machine as dialed. 9/8/2026",,,
"Christopher Sewell",Sergio.Arias@cordobalegal.com,2026-09-03,Verizon,1192653851,IOS,"Iphone 12","Cx has been trying to update he´s new password  and he keeps geeting the error that is not correct. Even when he reviewed that it was the same on the two boxes.",Setup,,"Client not answering (3 days)","O: unable to reach the client, VML.
E: Ring not answered as dialed. 9/4/2026 2th attempts to reach.
E: There was an answered machine as dialed  9/4/2026",,,
"CINDY MEHDY",rosbelym@cordobalegal.com,2026-09-03,verizon,1239172749,"IOS, Android","Customer does not know","wrong credentials","First Login",,"Resolved with cx","O: Unable to reach the client, VML.
E: I was trying to reach our client but there was an answered machine as dialed.

E:  Client has told us, please reach her back at  after 9:00_AM  9/09/2026,  because of  she is currently busy right now.

E: I was able to reach our client in order to assist her with her Creditor X APP, due to a wrong credentials.

Close out/open the Creditor X APP.
Hit password recovery
Temporary password was being sent to : Cmehdy8@yahoo.com
Setup new password
Confirmed new password.
All features were being setup on Creditor X .
App is currently working now,.",,,
"Rhoda Hayward",Alejandra.Montana@cordobalegal.com,2026-09-03,T-MOBILE,CORDOBA-1228102233,Android,"SAMSUNG A","The cx said the phone number is wrong","First Login","Returned - Insufficient Information","Call Agent (Additional information)","O: Callback at 6pm

E: Not relevant information according to the tickets. It has been returned  9/4/2026",,,
"Monica Mclean",353644e78b0e4697b46eb078cef17ca7santiago.yate@cordobalegal.com,2026-09-02,Xfinity,1249494775,IOS,"Iphone 17","The User ID or password dont work when trying to have access.",Auth/Login,,"Resolved with cx","O: Resolution:
-iOS: V1.4.8  has been installed.
-We followed the steps for the first login without any issues.
-Client logged in successfully, settings configured and call forwarding showing active and green ✔",,,
"Linda Guidry",rosbelym@cordobalegal.com,2026-09-02,verizon,1228151149,IOS,"iphone 14","wrong credentials","First Login",,"Resolved with cx","O : The client confirmed she was able to log in; I verified that all settings were correctly configured and that call forwarding was active. Resolved with the client.",,,
"David Sagraves",robertc@cordobalegal.com,2026-09-02,T-Mobile,CORDOBA-1239624622,IOS,"Iphone 13","already uninstall and install the app again but nothing , customer is not able to continue after creating the password.",Setup,,"Client not answering (3 days)","O: Unable to reach the client, VML.
E: I was trying to reach our client but there was an answered machine as dialed.
E: Ring not answered as dialed",,,
"Christina Fazzini",Alex.Consuegra@cordobalegal.com,2026-09-02,AT&T,CORDOBA-1240818565,IOS,"Iphone 17 Pro","Cx reported she added some numbers to be blocked but there are some of thems still in ""In review"" and there are some others who said the number is block from being added and ask for her to give us a call.","Blocked List",,"Call Agent (Additional information)","O: For this type of escalation, please provide the number the client wants to block so we can validate the request and identify the root cause of the issue.",,,
"Leonora Adlawan",Diego.Reyes@cordobalegal.com,2026-09-02,"T mobiled",1224543660,IOS,"iphone 17","cx  has all the setting is active but  app is not  showing options to block number and  suggestion  tap is  not  working and not  let him proccess  to block  any call we try BTS  not  work","Blocked List",,"Resolved with cx","O: Resolution:  All the settings proper configured and advised her to block the numbers from ""suggestions"". NFA",,,
"Troy Baumann",Juan.Yanez@cordobalegal.com,2026-09-02,Verizon,1237270727,IOS,"Iphone 16","Credentials are not working 
As soon as he clicks ""is this your first login"" nothing happens","First Login",,"Client not answering (3 days)","O: Unable to reach the client, VML.",,,
"Jonathan Doleman",Catalina.Garzon@cordobalegal.com,2026-09-02,AT&T,CORDOBA-1244619910,IOS,Iphone,"When cx clicks on ""Is this your first login"" option gets stuck with no error code nor movement. Cx has not been contacted. Issue remains.","First Login",Completed,"Client not answering (3 days)","E: I was trying to reach our client  but nobody has answered.
E: Ring not answered as dialed  9/8/2026
E: I was able to reach our client back in order to assist him relate to his creditor X APP,
According to a 1st login issues based on Creditor X.

-Safari was being updated.
-Creditor X app has been closed.
-Creditor X app has been launched.
-Still not doing anything, switched out to : Mobil data instead of WIFI.
-Open Settings on your iPhone.
-Scroll down and tap Apps, then select Safari.
-Scroll down and tap Clear History and Website Data.
-Choose a time frame or select All History, then tap Clear History

Clear Third-Party App Cache (Offloading)

Open Settings and go to General.
Tap iPhone Storage
Scroll down and select the app you want to clear (such as TikTok)
Tap Offload App to remove the app while keeping your documents and data
Tap Reinstall App to re-download a clean version.

Settings :choose Display & Text Size, tried with medium size and Larger Text.

I have already sent an email about Creditor X last version updated “ iOS: V1.4.8 “
App has been launched.

-Settings/ General:
-Software version 26.6 “:
-Phone has been rebooted.

E:I was trying to reach our client but there was an answered machine as dialed. 9/18/2026  1th attemp.

E:  AT THIS POINT OUR CLIENTS, MAY NEED TO FORCE THE APP, CLEAR CACHE/DATA -/ UNINSTALL / DOWNLOAD A LAST VERSION OF CREDITOR X   /   Ring not answered as dialed  9/24/2026",,hiredexperts.atlassian.net/browse/HED-1745,
CORDOBA-1242338803,Maria.Quinones@cordobalegal.com,2026-09-02,AT&T,"Tzanetos Philippakos",IOS,"Iphone 8","The client is not able to login, when cx click on the ""is this yor fisrt time login?"" it doesn`t let going foward, cx has already tried to delete and dowload the app again but still not able to going foward","First Login",,"Client not answering (3 days)","O: unable to reach the client, VML.
E: I was trying to reach our client but there was a ring not answered as dialed.
E:  I was trying to reach our client but there was ring not answered as dialed.",,,
"Melanie Wuchter",Sharon.Amado@cordobalegal.com,2026-09-01,T-Mobile,1211270773,Android,"Samsungs Galaxy S24 Ultra","FETTIFHT/WEB, Victoria's Secret is not getting added on the account after client tries to add them.","Blocked List",,"Call Agent (Additional information)","O: For this type of escalation, please provide the number the client wants to block so we can validate the request and identify the root cause of the issue.",,,
"Dwayne Young",Monica.Munar@cordobalegal.com,2026-08-31,TMOBILE,1240913206,IOS,"IPhone 15","When the customer is trying to login he has an error message saying that the username and the password are wrong, he tried with email, phone number and cordoba ID but he keeps receiving the same error, he could login just once but is not working anymore","First Login",,"Resolved with cx","E: Client has told us, please reach him back at  4:00PM.

E: I was able to reach our client in order to assist with his creditor X APP, relate issue “Cx have problems trying to login to the app (creditor x) because the application said that is not the correct information” .

-Creditor X last version was being (uninstalled).
-Creditor X new version has been downloaded, released : v1.4.1 IOS.
- Launched on Iphone 15
Acep (Privacy concern)
USER_ID: 1240913206
Last 4 of his SSN / Date o birth confirm ) but there is a messages
whose says : “you have already logged in before “
Click on : Recovery password “ Did not work at all by entering his ID,email or his phone number 6822480892 “ User not found.
Reset of contact number fields was being done on forth.
Open Settings and go to General.
Tap iPhone Storage./
Offload App
Creditor X.
Creditor x clearing cache is done. WIFI :ON.
Recovery Username: dwayneyoung52@yahoo.com, A temporay password was being sent by email at dwayneyoung52@yahoo.com,
Client has confirmed us, he has got their temporary password, therefore if there is any issues relate with the app, he will make a phone call to us.

App was being setup / Client has told us, he will setup their USSD Command later on, however I have sent an email about how to setup all features relate to call forwarding and blocks number on a quick video references.",,,
"William C Rudy",Juan.Yanez@cordobalegal.com,2026-09-01,T-Mobile,1209625087,Android,"Samsung Tap S23 ultra","Every time he open it get closed immnediately. has already re-install it and does not work.",Setup,Completed,"Resolved with cx","O: Resolution:

-App uninstalled
- Downloaded new version for Android: 1.9.3
- Cache cleared
- Call forwarding reconfigured ##002#
- The client couldn't remember his password, so we followed the password recovery steps without any issues ✔
- Once the client created a new password and their details were validated, the 3 USSD commands were completed; however, the client was unable to select the ""I've sent the required USSD commands"" checkbox. :x:

We went to Settings and set the font size to the smallest possible option; we tried returning to the app, but the checkbox still couldn't be clicked, so we proceeded to select ""Abort on-boarding process.""

We completed the remaining configuration steps and were able to log in without any issues. On the Home screen, call forwarding appeared as active, and the following app settings were configured:
*Do not disturb me with credit calls
*Do not disturb me with collection agency calls
*VM recording

*Issue: When the client tried to listen to voicemails, the error ""No private Key..."" kept appearing.
Follow up

E:I was able to reach our client, in order to verify whats going on with his voice mail, I have told him, I wil reach him back at 1:00pm meanwhile we are still working with the issue, its something relate with the internal database, I am still working on behalf to looking for an effective solutions about this matter relate to his voice mail database.

E:CLIENT WAS EDUCATED, WE ARE STILL WORKING ON BEHALF TO THE FOLLOWING ""no private key."" Error relate to his voice mail database, we will get in touch with him as soon as we may get a certain solutions about it.

E: I was able to reach our client back    ""The voice mail cant be play right now please try again later "".  10/1/2026   Client ha already updated the app at the last version   released  *1.10.0.*

*Routed to DEV.*
E: I was trying to reach our client but there was an answered machine as dialed  10/2/2026

E: I was able to reach our client  but there was an answered machine as dialed, if our client reach us back, please educated him to download Creditor X last released version  1.11.0  for android, we had made some adjustments with the voice mail features applications.   10/5/2026

E: 10/5/2026 not answered,. 1TH ATTEMPT.


E: I was able to reach our client on behalf to the following issue “Every time he open it get closed immediately. has already re-install it and does not work.”.

-Creditor X old version 1.10.0 has been uninstalled.
- Creditor X last released version 1.11.0 has been installed.
-Got to “ is this your 1st login ? “
-ID : 1209625087
-Last 4 of his SSN.
-Date of birth
-Error: You have already logged in on this app Before “
-Password recovery. Username : wcrudy@gmail.com + temporary password was being sent to the email registered on forth, please check his inbox.
-Returns to : login form : Where (Username: wcrudy@gmail.com /temp: *** )
• New password has been assigned. (Hit next )
•
• Returns to:login form :Where (Username: wcrudy@gmail.com /Own password
• Authentications is done!
• Carrier: T-Mobile
• USSD COMMAND #1 IS DONE! (Phone pad ).
• Creditor X : Enable call_blocking: YES,set at default app: Grant acces.
• Credetor X :
• Creditor X Vocie mail recording(ON): Available to play for just their last 30 days, > 3 seconds.
• Inbound call settings:
• (*) D not disturb when collectors agency calls.
• (*) Do not disturb when creditor calls.
•  Creditor X : Home (Call forwarding_ blocked ) Active.
• Push notification: on: Email.
• Suggested list /Suggested all numbers from creditors (+) Blocked list (+) Button (ADD ) for blocking.

Resolved!",,hiredexperts.atlassian.net/browse/HED-1743?atlOrigin=…,
"Michael Alston",mateo.rojas@cordobalegal.com,2026-09-01,T-Mobile,1239741314,IOS,"IPhone 17E","The ""Is this your first login?"" button is not working, it isnot doing anything on his app","First Login",,"Client not answering (3 days)","O: Resolution:
 We first confirmed that the client had the latest vs installed for iOS:
We reinstall the app
cleared the cache
Restarted the phone
And first log in unresponsive

-- Under Investigation--
E: I was trying to reach our client but there was an answered machine as dialed. 9/4/2026",,,
"it does not sound the voicemail she recorded",Leidy.Sanchez@cordobalegal.com,2026-09-01,T-Mobile,1211456514,IOS,"Iphone 16","Customer cannot loguin into her creditorX App, it shows  an error message that says  ´´it does not sound the voicemail you recorded´´",Setup,,"Client not answering (3 days)","O: Unable to reach the client, VML.
E: Client has told us, please reach her back at 2:00PM Central Time,  ET: 3:00PM  9/4/2026 she is currently on a meeting right now, so that  she won be stayed on the phone right now.
E: Please reach her back after 3:00pm Central peer client request.
E: Ring not answered as dialed.",,,
"Gloria Barreto",edc8af656d2b451084f08811cba0c6ffValentina.Rivas@cordobalegal.com,2026-09-01,AT&T,CORDOBA-1211217640,IOS,"iPhone 15","When cx tried to add numbers to the block list the app freezes when she clicks on submit. *""Nothing happens when the click submit""*","Blocked List",,"Client not answering (3 days)","O: unable to reach the client, VML.
E: There was an answered machine as dialed.  9/4/2026
E:There was an answerred machine as dialed.  9/4/2026",,,
"Barbara Glass",edc8af656d2b451084f08811cba0c6ffValentina.Rivas@cordobalegal.com,2026-09-01,AT&T,CORDOBA-1240355651,IOS,"iPhone 17 pro","When cx clicks or taps on 'Is this your first login?' nothing happens, so she hasn't been able to use the app. *"" Is this your first login section unresponsive""*","First Login",,"Client not answering (3 days)","O: Unable to reach the client, VML.
E:  I was trying to reach our client but there was an answered machine as dialed,  9/4/2026
E: Total attemps 3.",,,
"Albert Vasquez",Josias.Campusano@cordobalegal.com,2026-08-31,T-MOBILE,1223836084,Android,"Samsung A14 5G","When we tried to do the process is this your first login? It appears unauthorized again and again. *"" Is this your first login section unresponsive""*","First Login",,"Client not answering (3 days)","O: Unable to reach the client, VML.

O: Unable to reach the client, VML.

O: Unable to reach the client after 3 attempts.",,,
"Kristen Petersen",andres.quiroz@cordobalegal.com,2026-08-31,"patriot mobile",CORDOBA-1249318170,Android,"Samsung Galaxy (unspecified model)","Hello team, this client is trying to set up her creditor x app but it doesn't allow her to complete the process since patriot mobile is not listed in the dropdown. Could you please review it?","Carrier List",,"Resolved with cx","O: Resolution:
- We obtained the latest Android version for iOS.
-Selected Verizon as carrier.
- Completed the USSD command successfully.

-  Once the client was able to log in, we went to to settings and confirmed that everything was configured properly:
-Call forwarding showing active.
*Do not disturb me with creditors calls.
*Do not disturb me with collection agency calls.
*Push notifications.
*VM recording.

--Resolved withe the client--",,,
"Eva Abarca",laura.suarez@cordobalegal.com,2026-08-31,T-Mobile,CORDOBA-1233760781,IOS,"Iphone Pro max (client unable to inform which Iphone it is)","Client was trying to logging for the first time but the app shows that the credentials are invalid, we tried with Customer ID and External ID but didn't work","First Login",,"Client not answering (3 days)","E: I was trying to reach our client on behalf to the following issue ""Client was trying to logging for the first time but the app shows that the credentials are invalid, we tried with Customer ID and External ID but didn't work
*CreditorX Device*
Iphone Pro max (client unable to inform which Iphone it is)"" But there was an answered machine as dialed.

O: Unable to reach the client, VML.
O: Unable to reach the client after 3 attempts.
E: Tickets has been closed, client did not answered the phone since 3 attemps.",,,
"Larry Rick arthur",rosbelym@cordobalegal.com,2026-08-31,cricket,1246813822,IOS,"iphone se","wrong credential issues","First Login",,"Client not answering (3 days)","O:Unable to reach the client, VML.

E:I was able to reach our client, relate the following issue ""Wrong credentials"",  but there was an an answered machine as dialed.  I have already made 2 attempt but nobody has answered, routed to an an answered machine as dialed.

O: Unable to reach the client, VML",,,
"Patricia Conner",jnunez@cordobalegal.com,2026-08-31,"Straight talk",CORDOBA-1202689707,Android,"Samsung galaxy A16","When trying to update is giving her an error it says error failed, she has been able to update it previously but now is not working, also client stated that when adding creditor's numbers is taking weeks under review and they are never added or rejected. *""Number showing under review""*","Blocked List",,"Client not answering (3 days)","O: Unable to reach the client, VML.

E:I was trying to reach our client but there was an answered machine as dialed.

O: Unable to reach the client, VML.",,,
"Alena Inchausti",Esteban.Castillo@cordobalegal.com,2026-08-31,T-Mobile,1232465704,IOS,"X pro 16","The client is trying to setup the app for the first time but when she tries to enter the User ID, the bex is just unavailable and the cx is unable to enter anything, it is only happening with the UserID, she´s able to enter her SSN and DOB info. *""Unable to move forward (Font size Issue)""*",Setup,,"Account Canceled","E: I was trying to reach our client but there was an answered machine as dialed.

E: Client has told us, she wont be able to be stayed on the phone right now, please reach her back at :  1:00PM 9/1/2026",,,
"Jonathan Doleman",Alejandra.Montana@cordobalegal.com,2026-08-31,at&t,CORDOBA-1244619910,IOS,"iphone 13","the cx cant login","First Login",,"Client not answering (3 days)","E: Ring not answered as dialed.
O: Unable to reach the client, VML.",,,
"Clinton Summitt",ecruz@cordobalegal.com,2026-10-08,T-mobile,CORDOBA-1216657299,IOS,"iphone 16","The app was blocking the voice mails for all of his callers and he is not getting any important voice mails,client deleted the app and his creditor x account and the app is still blocking the voice mails",,,New,,,,
